Patient	HLA_allele	Mut_peptide	Norm_peptide	Expression	PrioScore	CelPrev	NetMHCExp	Foreigness	CYT	HLAexp	MCPmean	PeptNorm	PeptLen	Core	Of	Gp	Gl	Ip	Il	RankEL	RankBA	RankEL_wt	Stability	Prime	DAI	CoreNonAnchor	Loci	HydroAll	HydroCore	PropSmall	PropAro	PropBasic	PropAcidic	SelfSim	mw	Aro	Inst	PropHydroAro	CysRed	pI	model	identity	mean_prediction_rf
RH-24	HLA-B07:02	KAQPVTQATSF	KAQPETQATSF	0.300048178	40	0.996106194344186	5.8985776901	1.21739767925951e-17	0.20732256835205104	9.05183468891421	0.181339505073847	KAQPETQATSF	11	KPVTQATSF	0	1	2	0	0	0.6	1.53	0.932	1.4	0.012561	0.6437768240343347	TQATSAQ	H	-0.3727272727272727	-0.8	0.7142857142857142	0.0	0.0	0.0	0.9504721316644386	1177.3069	0.09090909090909093	29.53636363636364	0.18181818181818185	0	9.700002531521024	1	RH-24_HLA-B07:02_KAQPVTQATSF	0.2694339736136073
BC-5037	HLA-B40:02	EEFLNSWML	EEFLNSRML	59.51796820000001	2	0.999669414655917	0.5017038584000001	5.89524745824429e-05	6.120634762936831	544.575089361	27.517964995296893	EEFLNSRML	9	EEFLNSWML	0	0	0	0	0	0.228	0.14800000000000002	0.192	1.6	0.121913	1.1875	LNSWM	H	0.011111111111111023	0.09999999999999992	0.4	0.2	0.0	0.0	0.9292206767304984	1168.3181	0.2222222222222222	71.42222222222223	0.4444444444444444	5500	3.613691325765103	1	BC-5037_HLA-B40:02_EEFLNSWML	0.4819561974654295
BC-8728	HLA-B44:03	GGDFGGGGSF	GGDFGGGGSF	33.067530778000005	0	0.994794866469305	3.6443963051	0.0	4.84333106118941	550.4538907000001	114.038006686349	GGDFGGGGSF	10	GDFGGGGSF	0	1	1	0	0	3.277	5.785	3.277	42.0	0.004984000000000001	1.0	GGGGSG	H	-0.10999999999999996	-0.4666666666666667	1.0	0.0	0.0	0.0	1.0	856.8354000000003	0.2	50.82000000000001	0.2	0	3.749987360555679	1	BC-8728_HLA-B44:03_GGDFGGGGSF	0.2998700038521333
RH-31	HLA-A26:01	SVQTAKGMALF	SVLTAKGMALF	105.684374	19	0.998117830355215	8.4651412964	0.0	1.04907123949787	155.98610323280002	6.66807343793586	SVLTAKGMALF	11	SVAKGMALF	0	2	2	0	0	1.105	0.68	1.111	1.3	0.014486	0.9945994599459946	KGMALQT	H	0.6363636363636364	-0.14285714285714282	0.42857142857142855	0.0	0.14285714285714285	0.0	0.9634926089871632	1152.3635000000004	0.09090909090909093	12.59090909090909	0.2727272727272727	0	9.700002531521024	1	RH-31_HLA-A26:01_SVQTAKGMALF	0.3290623648852287
BC-1233	HLA-C07:02	KHSTTLTNW	KHSTTLTNR	29.1585998573	0	0.992260818163388	7.6146006584	0.00761977109418369	7.3694942621972	798.637659062	134.180673264851	KHSTTLTNR	9	KHSTTLTNW	0	0	0	0	0	2.556	7.272	8.455	28.0	0.017997	0.3023063276167948	TTLTN	H	-1.1777777777777778	-0.36	0.8	0.0	0.0	0.0	0.970569849451116	1087.186	0.1111111111111111	-19.33333333333333	0.2222222222222222	5500	9.702001779340208	1	BC-1233_HLA-C07:02_KHSTTLTNW	0.31712851061617553
BC-8728	HLA-B51:01	SPQVLQQLV	SPQALQQLV	43.84188265	5	0.995139444161859	0.5277707577	0.0	4.84333106118941	550.4538907000001	114.038006686349	SPQALQQLV	9	SPQVLQQLV	0	0	0	0	0	0.157	0.34	0.224	2.5	0.059775	0.7008928571428572	VLQQL	H	0.3444444444444444	0.96	0.2	0.0	0.0	0.0	0.9705249228829772	1011.1726	0.0	128.35555555555558	0.4444444444444444	0	6.099999998230487	1	BC-8728_HLA-B51:01_SPQVLQQLV	0.48186263855818645
RH-11	HLA-A31:01	FMKSPRNIK	FMKSPRKIK	3.48815514768493	8	0.999385565866886	2.3397727013	0.0	4.6585791131343	484.779925777622	10.3807876679651	FMKSPRKIK	9	FMKSPRNIK	0	0	0	0	0	1.381	1.4680000000000002	1.961	1.9	0.005346	0.7042325344212137	SPRNI	H	-1.0000000000000002	-1.1800000000000002	0.6000000000000001	0.0	0.2	0.0	0.9625439227269412	1120.3681	0.1111111111111111	102.43333333333334	0.2222222222222222	0	11.823055271990595	1	RH-11_HLA-A31:01_FMKSPRNIK	0.21151727356009603
Neye-03	HLA-A11:01	STIPEIVGY	STIPETVGY	5.747080968	29	0.998673153996131	0.2052851319	2.26339569830014e-06	0.558316793330324	447.77840485800004	8.77912764275618	STIPETVGY	9	STIPEIVGY	0	0	0	0	0	0.073	0.408	0.086	9.0	0.189588	0.8488372093023256	PEIVG	H	0.5444444444444444	0.6400000000000001	0.6000000000000001	0.0	0.0	0.2	0.9607380564852036	978.0964	0.1111111111111111	18.1	0.4444444444444444	1490	3.8499827128835022	1	Neye-03_HLA-A11:01_STIPEIVGY	0.5405262801284938
BC-5037	HLA-B40:02	REDLTRRVNL	REDLARRVNL	1.35178051	6	0.99972689194248	1.014313221	3.47580404973379e-09	6.120634762936831	544.575089361	27.517964995296893	REDLARRVNL	10	REDLTRRVL	0	8	1	0	0	0.435	0.363	0.4270000000000001	1.0	0.040388	1.018735362997658	LTRRVN	H	-1.2899999999999998	-0.8666666666666667	0.5	0.0	0.3333333333333333	0.0	0.9660520697864398	1271.4265	0.0	85.54	0.30000000000000004	0	10.308639847673478	1	BC-5037_HLA-B40:02_REDLTRRVNL	0.30352771100668285
Neye-22	HLA-B08:01	SLTPVFTTL	SPTPVFTTL	0.1123856634	2	0.9754871465695308	0.8743407726000001	2.7098027873462108e-11	1.0	329.45508952	4.735494117089769	SPTPVFTTL	9	SLTPVFTTL	0	0	0	0	0	0.442	3.386	0.135	5.5	0.051659	3.2740740740740737	PVFTT	H	1.1222222222222222	0.8	0.8	0.2	0.0	0.0	0.9577645626697824	978.1395	0.1111111111111111	30.288888888888888	0.4444444444444444	0	6.099999998230487	1	Neye-22_HLA-B08:01_SLTPVFTTL	0.4116198463079801
BC-6428	HLA-B27:05	QRSEGVGQV	GRRETVGQV	259.952826512	13	0.984614106091409	2.7202210426	0.0	2.01377659054497	118.5225262994	161.56471881187	GRRETVGQV	9	QRSEGVGQV	0	0	0	0	0	1.011	4.323	1.067	4.5	0.047165	0.9475164011246484	EGVGQ	H	-0.9111111111111109	-0.72	0.6000000000000001	0.0	0.0	0.2	0.9138579100266504	959.0153	0.0	61.3	0.2222222222222222	0	6.410149741452187	1	BC-6428_HLA-B27:05_QRSEGVGQV	0.2653691389890568
Neye-43	HLA-A02:01	FLPAGVRMV	SLPAGVRMV	11.04829482	22	0.999443207981606	1.0170218945	0.0	3.59608706846894	289.518855212	39.27967988889421	SLPAGVRMV	9	FLPAGVRMV	0	0	0	0	0	0.113	0.199	0.299	0.6	0.090223	0.3779264214046823	AGVRM	H	1.3555555555555554	0.5999999999999999	0.6000000000000001	0.0	0.2	0.0	0.9778186481713852	989.2348	0.1111111111111111	51.688888888888904	0.4444444444444444	0	10.550002220086752	1	Neye-43_HLA-A02:01_FLPAGVRMV	0.40719250224867043
Neye-14	HLA-B40:01	SELSELKQM	SEFSELKQM	2.99487824	17	0.992643217057196	0.3328667879	0.0	18.1976588987608	756.8137163496001	22.0717918784605	SEFSELKQM	9	SELSELKQM	0	0	0	0	0	0.163	0.657	0.084	0.9	0.036936	1.9404761904761905	SELKQ	H	-0.7222222222222222	-1.58	0.2	0.0	0.2	0.2	0.9713310616388868	1064.2106	0.0	68.52222222222223	0.2222222222222222	0	4.258147296961397	1	Neye-14_HLA-B40:01_SELSELKQM	0.35675841232210004
Neye-34	HLA-A03:01	HLPGKDILK	HIIGKDILK	0.407381149543	17	0.993685665751934	0.6916502118000001	2.6688189211265498e-11	10.8553244223907	1371.0766131139999	195.80227232057496	HIIGKDILK	9	HLPGKDILK	0	0	0	0	0	0.956	2.3080000000000003	0.33	3.0	0.060697	2.8969696969696965	GKDIL	H	-0.4888888888888889	0.1	0.4	0.0	0.2	0.2	0.9275201448307524	1020.2259	0.0	32.822222222222216	0.3333333333333333	0	9.53937175590545	1	Neye-34_HLA-A03:01_HLPGKDILK	0.30626958171136553
BC-1849	HLA-C06:02	QRNQTKTFF	QRNQTNTFF	3.22775762	8	0.998748790466644	0.8791379333	0.0	12.2454599589368	1200.2691967819999	78.7558228234398	QRNQTNTFF	9	QRNQTKTFF	0	0	0	0	0	0.129	0.35200000000000004	0.156	19.0	0.06436599999999999	0.826923076923077	QTKTF	H	-1.6333333333333329	-1.1999999999999995	0.4	0.2	0.2	0.0	0.9597464736037626	1169.2897	0.2222222222222222	27.93333333333333	0.2222222222222222	0	11.651775666512547	1	BC-1849_HLA-C06:02_QRNQTKTFF	0.4077465190843249
BC-1849	HLA-C06:02	MHYPDFPYV	MHYPDFPDV	2.03075164	10	0.998673112721685	9.3859882355	0.00761977109418369	12.2454599589368	1200.2691967819999	78.7558228234398	MHYPDFPDV	9	MHYPDFPYV	0	0	0	0	0	0.166	0.142	1.211	22.0	0.157813	0.13707679603633366	PDFPY	H	-0.4000000000000001	-1.04	0.6000000000000001	0.4	0.0	0.2	0.9426570138092384	1168.3196	0.3333333333333333	139.71111111111108	0.4444444444444444	2980	5.292137299198657	1	BC-1849_HLA-C06:02_MHYPDFPYV	0.5389559251168925
Neye-24	HLA-A30:02	ISYEGCVVQFY	ISYGGCVVQFY	2.98086774	35	0.7602149938873309	1.4052078724	0.0	0.123913703036904	599.039558555862	6.68560059514811	ISYGGCVVQFY	11	ISYEGVQFY	0	5	2	0	0	0.331	0.563	0.217	1.5	0.037975	1.5253456221198158	EGVQFCV	H	0.672727272727273	0.9000000000000001	0.5714285714285714	0.14285714285714285	0.0	0.14285714285714285	0.9407160068153038	1307.4698	0.2727272727272727	18.16454545454545	0.5454545454545454	2980	3.849961081985384	1	Neye-24_HLA-A30:02_ISYEGCVVQFY	0.5589605427071322
RH-33	HLA-B07:02	LPGPALRGL	LPGPALRGP	2.65148628361854	9	0.502337539188312	13.104552269000001	0.0	16.557923420186	818.34310519	125.49682085190399	LPGPALRGP	9	LPGPALRGL	0	0	0	0	0	0.13699999999999998	0.234	4.497	1.4	0.14161	0.030464754280631532	PALRG	H	0.5222222222222221	-0.18	0.6000000000000001	0.0	0.2	0.0	0.9733379366532804	893.0847000000001	0.0	63.655555555555566	0.3333333333333333	0	10.550002220086752	1	RH-33_HLA-B07:02_LPGPALRGL	0.38051664173451605
Neye-26	HLA-C03:04	ASDSGIPPL	ASDSGNPPL	1.2399822694	0	0.9991759828010258	4.8039970398000005	0.0	13.418405830558	428.2034106704	1519.55412508921	ASDSGNPPL	9	ASDSGIPPL	0	0	0	0	0	0.362	0.561	0.557	4.5	0.117524	0.6499102333931778	SGIPP	H	0.15555555555555556	0.019999999999999928	0.8	0.0	0.0	0.0	0.9383076953117978	855.9321	0.0	39.05555555555557	0.2222222222222222	0	3.749987360555679	1	Neye-26_HLA-C03:04_ASDSGIPPL	0.3699403168695159
RH-21	HLA-B07:02	KPETLVKDV	KPETLAKDV	12.1267301266201	3	0.997245211722142	2.5341444016	0.0	1.95341265000251	403.3283571172	13.1296472451626	KPETLAKDV	9	KPETLVKDV	0	0	0	0	0	1.492	2.728	1.631	6.5	0.013122	0.9147762109135501	TLVKD	H	-0.5444444444444444	-0.020000000000000014	0.6000000000000001	0.0	0.2	0.2	0.9697695210704208	1028.2	0.0	16.622222222222227	0.3333333333333333	0	6.492975460831076	1	RH-21_HLA-B07:02_KPETLVKDV	0.23782229566137988
BC-6229	HLA-A30:01	RAKLTGHSYR	VAKLTGHSYR	17.1048161867	13	0.998631447213864	6.9948596954	0.0	5.314337875968019	281.423666868	84.2837320830495	VAKLTGHSYR	10	RAKTGHSYR	0	3	1	0	0	0.5479999999999999	0.363	3.5410000000000004	0.3	0.014297999999999996	0.1547585427845241	TGHSYL	H	-1.37	-0.4333333333333334	0.5	0.3333333333333333	0.16666666666666666	0.0	0.9809569526303309	1188.3395	0.1	-24.89	0.2	1490	11.530532318167387	1	BC-6229_HLA-A30:01_RAKLTGHSYR	0.37532118173805606
Neye-26	HLA-B15:01	FVLGVVTVF	FVQGVVTVF	1.0068011304	8	0.999114936067245	1.4281177521	0.0	13.418405830558	1175.4928975236	1519.55412508921	FVQGVVTVF	9	FVLGVVTVF	0	0	0	0	0	0.462	0.5710000000000001	0.174	3.0	0.12728299999999998	2.655172413793104	GVVTV	H	2.7888888888888888	2.3	1.0	0.0	0.0	0.0	0.960462872335894	980.1997	0.2222222222222222	-0.5444444444444447	0.7777777777777777	0	6.099999998230487	1	Neye-26_HLA-B15:01_FVLGVVTVF	0.6490151408462712
RH-17	HLA-A02:01	LLWMGVLAL	LLEMGVLSL	1.90622142820428	25	0.99809485198677	1.7184383869	2.6688189211265498e-11	0.611442226767316	61.2316918896649	8.77660789732451	LLEMGVLSL	9	LLWMGVLAL	0	0	0	0	0	0.476	0.408	0.769	0.4	0.107884	0.6189856957087126	MGVLA	H	2.4222222222222225	2.26	0.6000000000000001	0.0	0.0	0.0	0.9236187675376571	1015.3118000000003	0.1111111111111111	61.511111111111106	0.6666666666666666	5500	6.099999998230487	1	RH-17_HLA-A02:01_LLWMGVLAL	0.6175683771185115
Neye-47	HLA-B08:01	RRKVPAQRL	RRKVSAQRL	1.1786861177	2	0.960930784181828	9.4660549164	0.0	8.660171494203349	443.510937038	16.823224668489303	RRKVSAQRL	9	RRKVPAQRL	0	0	0	0	0	2.444	9.748	3.207	7.5	0.003624	0.7620829435609604	VPAQR	H	-1.4111111111111108	-0.72	0.6000000000000001	0.0	0.2	0.0	0.9522975899816578	1123.3556	0.0	105.9	0.2222222222222222	0	12.807427794672547	1	Neye-47_HLA-B08:01_RRKVPAQRL	0.24161352874650222
BC-40	HLA-A02:01	SLDLHFTDV	SLDLHFTDG	2.3888095133	15	0.9996970513126072	32.8713684082	0.5	1.6633226917409198	157.455752322	42.38281926052029	SLDLHFTDG	9	SLDLHFTDV	0	0	0	0	0	0.315	0.769	28.037	4.0	0.132799	0.011235153547098477	LHFTD	H	0.3222222222222222	-0.16000000000000014	0.4	0.4	0.2	0.2	0.9751491668897252	1046.1306000000004	0.1111111111111111	-2.6333333333333324	0.4444444444444444	0	4.106574652250856	1	BC-40_HLA-A02:01_SLDLHFTDV	0.36929565870186964
Neye-11	HLA-A03:01	TVTISTSTPK	TVTISTSPPK	2.63232011408	3	0.9985619287742	1.1313848495	0.0	37.1829819703805	2055.18988210237	53.7720361818626	TVTISTSPPK	10	TVISTSTPK	0	2	1	0	0	0.521	0.364	0.612	1.3	0.052623	0.8513071895424837	STSTPT	H	-0.12000000000000002	-0.8833333333333333	1.0	0.0	0.0	0.0	0.9627081343936198	1034.1616	0.0	0.5099999999999998	0.2	0	9.700002531521024	1	Neye-11_HLA-A03:01_TVTISTSTPK	0.3454140735600107
RH-18	HLA-A03:01	ASIGGLAAH	ASIGGLAAR	1.148202884	17	0.998965878661633	1.3950343131999998	0.0	0.645838319315549	133.006664797249	1.4271642967278502	ASIGGLAAR	9	ASIGGLAAH	0	0	0	0	0	1.874	3.907	1.118	5.5	0.011087	1.676207513416816	GGLAA	H	0.9888888888888892	1.3199999999999998	0.8	0.0	0.0	0.0	0.9810257824537606	795.8834	0.0	13.166666666666664	0.2222222222222222	0	7.550323993898928	1	RH-18_HLA-A03:01_ASIGGLAAH	0.36090563407809717
Neye-35	HLA-B44:03	QELELLNNKLL	QELELLNNELL	13.0718244	9	0.9969241771886	2.0812852383	0.0	2.7797390975276297	504.765269675753	29.9883824429751	QELELLNNELL	11	QELELNKLL	0	5	2	0	0	0.387	0.679	0.795	0.9	0.047461	0.4867924528301887	ELNKLLN	H	-0.21818181818181825	-0.42857142857142855	0.2857142857142857	0.0	0.14285714285714285	0.14285714285714285	0.9774237061839928	1326.5379999999998	0.0	40.40909090909091	0.4545454545454545	0	4.258147296961397	1	Neye-35_HLA-B44:03_QELELLNNKLL	0.41512333248147143
BC-40	HLA-C04:01	YLNLDDTVF	YLNFDDTVF	63.4869274902	2	0.9997258601428	2.2331829071	0.0	1.6633226917409198	306.42310384	42.38281926052029	YLNFDDTVF	9	YLNLDDTVF	0	0	0	0	0	0.992	0.675	1.104	11.0	0.118866	0.8985507246376809	LDDTV	H	0.2333333333333333	0.05999999999999996	0.8	0.0	0.0	0.4	0.9626916133250571	1099.1898	0.2222222222222222	-7.811111111111112	0.5555555555555556	1490	3.49188133655116	1	BC-40_HLA-C04:01_YLNLDDTVF	0.38726339560129763
BC-1994	HLA-C07:02	LHPLGRPLL	GHLLGRPLL	2.681773266	5	0.993097075764515	22.123979568499998	0.0	4.68087072546163	429.410565829722	156.70805187915198	GHLLGRPLL	9	LHPLGRPLL	0	0	0	0	0	0.48	0.426	1.824	36.0	0.007091	0.2631578947368421	LGRPL	H	0.4333333333333333	0.21999999999999992	0.4	0.0	0.2	0.0	0.9235859092325936	1015.2524	0.0	27.08888888888889	0.4444444444444444	0	10.551758703775702	1	BC-1994_HLA-C07:02_LHPLGRPLL	0.30532690911113275
RH-10	HLA-B08:01	NKRDLTGAL	NKRDLPGAL	6.2371172	13	0.9987949841420308	5.4658718109	0.0	5.48858335954842	180.9006785142	57.8489201487725	NKRDLPGAL	9	NKRDLTGAL	0	0	0	0	0	2.301	2.62	2.277	0.5	0.009525	1.0105401844532282	DLTGA	H	-0.7888888888888891	0.2	0.8	0.0	0.0	0.2	0.9451963820124604	987.1116	0.0	52.555555555555564	0.2222222222222222	0	9.695024739019573	1	RH-10_HLA-B08:01_NKRDLTGAL	0.2410232899071804
BC-8728	HLA-B51:01	LPLKLQSEV	LPLKLESEV	6.3176031870000005	3	0.995151633186618	0.3050348461	0.0	4.84333106118941	550.4538907000001	114.038006686349	LPLKLESEV	9	LPLKLQSEV	0	0	0	0	0	0.021	0.033	0.053	0.06	0.16108699999999998	0.3962264150943397	KLQSE	H	0.25555555555555565	-1.58	0.2	0.0	0.2	0.2	0.9758885802873974	1026.2271000000003	0.0	117.86666666666667	0.4444444444444444	0	6.408795645926148	1	BC-8728_HLA-B51:01_LPLKLQSEV	0.5561527424124915
RH-15	HLA-B08:01	GSQKKKRTI	GNQKKKRTI	1.7633072564875	3	0.998461525698525	4.1773271561000005	0.0	2.23841742250231	84.3740357638436	3.0411462882467903	GNQKKKRTI	9	GSQKKKRTI	0	0	0	0	0	2.416	8.129	1.987	30.0	0.006097	1.2159033719174634	KKKRT	H	-1.9	-3.38	0.2	0.0	0.8	0.0	0.9805040223050336	1045.2372	0.0	66.51111111111112	0.1111111111111111	0	11.924509373493493	1	RH-15_HLA-B08:01_GSQKKKRTI	0.2602940416587364
BC-2389	HLA-B38:01	QLHLSDVQLF	QLHLSDLQLF	6.18081466	1	0.999667515595858	0.6639895439	0.0	8.34152149445408	858.735436348	44.1889892232421	QLHLSDLQLF	10	QHLSDVQLF	0	1	1	0	0	0.073	0.172	0.127	17.0	0.028948	0.5748031496062992	SDVQLL	H	0.39	0.6666666666666666	0.5	0.0	0.0	0.16666666666666666	0.977011559736902	1199.3553	0.1	9.0	0.5	0	5.292257586028427	1	BC-2389_HLA-B38:01_QLHLSDVQLF	0.45484648712896847
Neye-24	HLA-B40:01	EEMEAFLEKF	EEMEAFPEKF	21.854153685	23	0.7567311887790541	1.3628066778	0.0	0.123913703036904	177.04069804	6.68560059514811	EEMEAFPEKF	10	EEMEAFLEF	0	8	1	0	0	0.964	1.075	0.863	1.5	0.033458	1.1170336037079955	EAFLEK	H	-0.48	-0.4166666666666667	0.16666666666666666	0.16666666666666666	0.16666666666666666	0.3333333333333333	0.9392561539165429	1272.4227	0.2	41.6	0.30000000000000004	0	3.8197188177146018	1	Neye-24_HLA-B40:01_EEMEAFLEKF	0.3397657976408836
Neye-14	HLA-B08:01	TAATPFVF	TAVTPFVF	5.3437099659500005	0	0.992617671376242	13.7336883545	5.89524745824429e-05	18.1976588987608	756.8137163496001	22.0717918784605	TAVTPFVF	8	TAATPF-VF	0	0	0	6	1	9.788	22.216	10.735	12.0	0.018252	0.9117838844899862	TPF-V	H	1.2999999999999998	0.8420000000000001	0.6000000000000001	0.2	0.0	0.0	0.9709235343851668	852.9727	0.25	32.825	0.375	0	6.099999998230487	1	Neye-14_HLA-B08:01_TAATPFVF	0.39048205660021634
BC-3529	HLA-A02:05	FMISKPQEL	FMISMPQEL	5.64477542043	12	0.998750382349225	0.9244557023	0.0	5.862436676120678	220.656272802015	66.4240605471637	FMISMPQEL	9	FMISKPQEL	0	0	0	0	0	0.011	0.07400000000000001	0.025	0.6	0.028630000000000006	0.44	SKPQE	H	-0.03333333333333351	-2.66	0.4	0.0	0.2	0.2	0.9493300272929224	1092.3083	0.1111111111111111	43.31111111111112	0.3333333333333333	0	6.408795645926148	1	BC-3529_HLA-A02:05_FMISKPQEL	0.4477996394078144
RH-21	HLA-A03:01	GAALGGRVLAK	GAALGGRVLAE	4.991896387	18	0.9962194688449691	38.982040405300005	0.0	0.187475299487998	112.035768920345	1.5473490193382902	GAALGGRVLAE	11	GLGGRVLAK	0	1	2	0	0	1.135	1.359	57.857	1.6	0.00799	0.019617332388475038	GRVLAAA	H	0.6909090909090909	1.2142857142857142	0.7142857142857142	0.0	0.14285714285714285	0.0	0.9904495774643808	1012.2071	0.0	12.59090909090909	0.2727272727272727	0	11.651775666512547	1	RH-21_HLA-A03:01_GAALGGRVLAK	0.4041553027969765
Neye-36	HLA-B27:05	LRWGGGYKG	LRWGGGYEG	0.048568895908	1	0.995877712059696	1.8127074242	0.999941047552103	21.3484613845056	1204.8511838138002	100.353606443185	LRWGGGYEG	9	LRWGGGYKG	0	0	0	0	0	1.514	0.789	1.885	5.5	0.016738999999999997	0.803183023872679	GGGYK	H	-0.9333333333333332	-1.28	0.6	0.2	0.2	0.0	0.9754621663048344	993.1192	0.2222222222222222	90.9666666666667	0.3333333333333333	6990	10.454924617893994	1	Neye-36_HLA-B27:05_LRWGGGYKG	0.4358146625118205
Neye-29	HLA-A24:02	LYIIEPIPEK	LKKIEGIPEK	1.4818744178100005	0	0.952230571778825	25.6232185364	2.6893108542363798e-11	78.1840897164613	1223.25076011102	405.714678251221	LKKIEGIPEK	10	LYIEPIPEK	0	2	1	0	0	3.896	9.876	55.0	13.0	0.010626	0.07083636363636364	EPIPEI	H	0.19000000000000009	-0.19999999999999987	0.3333333333333333	0.0	0.0	0.3333333333333333	0.8694968306949311	1214.4496	0.1	86.7	0.5	1490	4.2581463060341775	1	Neye-29_HLA-A24:02_LYIIEPIPEK	0.32911385268208926
BC-40	HLA-C04:01	VWDAVRLQV	VWDAVRLEV	6.961828958	17	0.99966159728302	0.0695026889	0.999999547320042	1.6633226917409198	306.42310384	42.38281926052029	VWDAVRLEV	9	VWDAVRLQV	0	0	0	0	0	0.03	0.035	0.027000000000000003	23.0	0.179587	1.111111111111111	AVRLQ	H	0.6444444444444445	0.36	0.4	0.0	0.2	0.0	0.9817650615087846	1085.256	0.1111111111111111	36.73333333333333	0.5555555555555556	5500	6.338718596380204	1	BC-40_HLA-C04:01_VWDAVRLQV	0.530178244241035
BC-6229	HLA-C06:02	GRIQLREQV	GRIQLREQL	10.904155725	7	0.9986405795141428	0.6769592762000001	0.0	5.314337875968019	297.332458863	84.2837320830495	GRIQLREQL	9	GRIQLREQV	0	0	0	0	0	0.337	0.5479999999999999	0.245	47.0	0.011262	1.3755102040816327	QLREQ	H	-0.8222222222222224	-2.24	0.0	0.0	0.2	0.2	0.9909864619104101	1098.2566	0.0	43.31111111111112	0.3333333333333333	0	10.397771482355893	1	BC-6229_HLA-C06:02_GRIQLREQV	0.3610816630068568
Neye-01	HLA-B44:02	AGTHQEWYF	AGTHQEWSF	1.86811952	0	0.982080092565521	25.1038513184	0.0151242984958687	15.7099291767571	955.2099467892	1812.1196934565805	AGTHQEWSF	9	AGTHQEWYF	0	0	0	0	0	11.064	22.333	10.411	13.0	0.017558	1.0627221208337336	HQEWY	H	-0.9888888888888892	-2.48	0.0	0.6000000000000001	0.2	0.2	0.953829150153524	1138.1878000000004	0.3333333333333333	4.1555555555555586	0.3333333333333333	6990	5.363445803988724	1	Neye-01_HLA-B44:02_AGTHQEWYF	0.4031475909043847
BC-9517	HLA-C04:01	LWPQLFLLL	SWPQLFLLL	31.3678712	3	0.9993055351749228	2.4989762306	0.0	0.865589469111104	139.568174062	14.956902248905699	SWPQLFLLL	9	LWPQLFLLL	0	0	0	0	0	0.911	0.639	0.426	14.0	0.14636	2.1384976525821595	QLFLL	H	1.7555555555555555	2.14	0.0	0.2	0.0	0.0	0.9782353802493025	1142.4314000000004	0.2222222222222222	56.6	0.7777777777777778	5500	6.099999998230487	1	BC-9517_HLA-C04:01_LWPQLFLLL	0.6596158213190365
Neye-45	HLA-B37:01	SAGAFILYKF	AAGAFILYKF	2.2667309204	0	0.960930784181828	38.768310546900004	0.007620216901792229	24.8375872423687	2478.417554376	212.45507426909901	AAGAFILYKF	10	SAGAFILKF	0	7	1	0	0	25.472	13.434	27.2	25.0	0.007488	0.936470588235294	AFILKY	H	1.11	1.283333333333333	0.16666666666666666	0.3333333333333333	0.16666666666666666	0.0	0.9924595493313222	1116.308	0.30000000000000004	19.770000000000003	0.5	1490	9.29830065090209	1	Neye-45_HLA-B37:01_SAGAFILYKF	0.5830547545021233
Neye-06	HLA-A02:01	AALPGVPPV	AARPGVPPV	1.5086841999999998	55	0.993758146295621	4.4157571793	0.0	4.5897592290815705	637.6514877280471	221.72416879455503	AARPGVPPV	9	AALPGVPPV	0	0	0	0	0	0.251	0.6940000000000001	2.41	0.9	0.053443	0.104149377593361	PGVPP	H	1.177777777777778	-0.2	1.0	0.0	0.0	0.0	0.9528132374104932	819.9875999999998	0.0	94.48888888888891	0.3333333333333333	0	6.099999998230487	1	Neye-06_HLA-A02:01_AALPGVPPV	0.3994886692329704
BC-1233	HLA-C02:02	KMEQEMTWL	KMEQEMTRL	6.313061174	0	0.992181093363903	30.015920639	0.9999995473200408	7.3694942621972	798.637659062	134.180673264851	KMEQEMTRL	9	KMEQEMTWL	0	0	0	0	0	13.554	15.749	6.9860000000000015	31.0	0.004986	1.9401660463784711	QEMTW	H	-0.9333333333333332	-1.34	0.2	0.2	0.0	0.2	0.9480338919341346	1195.4082	0.1111111111111111	81.72222222222223	0.2222222222222222	5500	4.258147296961397	1	BC-1233_HLA-C02:02_KMEQEMTWL	0.3145021601792349
Neye-11	HLA-A01:01	HTVSKTRLFEY	HTVSKTRPFEY	17.94517964	14	0.9985556155348458	0.3963624835	0.992380228905816	37.1829819703805	2055.18988210237	53.7720361818626	HTVSKTRPFEY	11	HTVSKTFEY	0	6	2	0	0	0.563	0.823	0.495	0.04	0.032059	1.1373737373737374	SKTFERL	H	-0.7090909090909092	-0.9714285714285716	0.2857142857142857	0.14285714285714285	0.2857142857142857	0.14285714285714285	0.9392472854404268	1380.5473	0.18181818181818185	2.2363636363636363	0.3636363636363637	1490	9.299755305983128	1	Neye-11_HLA-A01:01_HTVSKTRLFEY	0.36332761339275577
Neye-25	HLA-B35:01	KPLSKVQAVF	KPLPKVQAVF	0.289570983385	5	0.997829056326838	3.8141720295	0.0	7.80575690106683	2184.004628092	45.3315772903753	KPLPKVQAVF	10	KPLSVQAVF	0	4	1	0	0	0.7929999999999999	1.3430000000000002	0.466	0.5	0.037657	1.7017167381974247	SVQAVK	H	0.30999999999999994	0.3333333333333334	0.6666666666666666	0.0	0.16666666666666666	0.0	0.9542644863493388	1116.3529	0.1	-7.030000000000001	0.4	0	10.805379563011227	1	Neye-25_HLA-B35:01_KPLSKVQAVF	0.32282959060130245
RH-11	HLA-B40:01	LEKGIELIIIL	SEAGIELIIED	0.18702796	4	0.9993865284346558	37.968925476100004	0.0	4.6585791131343	516.1864275452559	10.3807876679651	SEAGIELIIED	11	LEIELIIIL	0	2	2	0	0	0.894	0.762	11.935	0.6	0.045624	0.07490573942186846	ELIIIKG	H	1.6454545454545455	1.3571428571428572	0.14285714285714285	0.0	0.14285714285714285	0.14285714285714285	0.9164760959171332	1253.5701	0.0	51.10909090909091	0.6363636363636364	0	4.258147296961397	1	RH-11_HLA-B40:01_LEKGIELIIIL	0.48905497151388905
BC-2849	HLA-B07:02	AAAPVWRAF	APAPVWRAF	24.649683326199998	8	0.999466209331954	0.1662250757	0.999999996524196	5.88846861195768	2009.2861283020002	106.601830213879	APAPVWRAF	9	AAAPVWRAF	0	0	0	0	0	0.757	0.94	0.016	1.5	0.13094	47.3125	PVWRA	H	0.7999999999999999	-0.2	0.6000000000000001	0.2	0.2	0.0	0.9615138032970408	988.1425	0.2222222222222222	51.688888888888904	0.3333333333333333	5500	10.550002220086752	1	BC-2849_HLA-B07:02_AAAPVWRAF	0.36240030514001237
BC-2937	HLA-B18:01	LESGPGREL	KESGPGEEL	4.883199176000001	1	0.999414552018519	4.7742810249000005	0.00767782860895672	6.73374357772861	148.569311642	33.0684193051423	KESGPGEEL	9	LESGPGREL	0	0	0	0	0	0.375	1.058	1.207	5.5	0.013572999999999998	0.31068765534382764	GPGRE	H	-0.7888888888888891	-2.08	0.6000000000000001	0.0	0.2	0.2	0.9447004737661744	957.0393	0.0	30.288888888888888	0.2222222222222222	0	4.2581474925391385	1	BC-2937_HLA-B18:01_LESGPGREL	0.23485364097609818
RH-17	HLA-B07:02	MAPLSPGATL	GAPLSPGAQL	6.39999252327752	8	0.998870918364852	0.3961394429	3.47580404973379e-09	0.611442226767316	88.1103365864	8.77660789732451	GAPLSPGAQL	10	MPLSPGATL	0	1	1	0	0	0.077	0.071	0.18600000000000005	4.0	0.026643	0.4139784946236558	SPGATA	H	0.8	0.016666666666666646	1.0	0.0	0.0	0.0	0.951883172756256	957.1452	0.0	76.05	0.2	0	6.099999998230487	1	RH-17_HLA-B07:02_MAPLSPGATL	0.3858646767058301
BC-471	HLA-A02:01	KLLSLSGVLAV	KLLSLSGVFAV	1.86145324	10	0.999058081055923	1.0123460293000002	0.0	2.11717355207013	256.25445738167997	110.946368150651	KLLSLSGVFAV	11	KLLSGVLAV	0	2	2	0	0	0.206	0.236	0.294	0.6	0.097021	0.7006802721088436	SGVLALS	H	1.7727272727272727	1.6571428571428568	0.7142857142857142	0.0	0.0	0.0	0.9757137228305791	1099.3638	0.0	1.3727272727272726	0.5454545454545454	0	9.700002531521024	1	BC-471_HLA-A02:01_KLLSLSGVLAV	0.5533644902880894
RH-33	HLA-A02:01	YLFEHCSYGVI	SGFESCSNGVI	0.167445	41	0.998389401967006	39.7975349426	0.0	1.64566847268823	28.393337996515108	12.117805810941697	SGFESCSNGVI	11	YLFEHCSYI	0	8	2	0	0	1.151	0.15	42.5	1.0	0.036422	0.027082352941176467	EHCSYGV	H	0.6636363636363636	-0.35714285714285715	0.5714285714285714	0.2857142857142857	0.14285714285714285	0.14285714285714285	0.8324742131096228	1330.5064999999995	0.2727272727272727	-5.4818181818181815	0.5454545454545455	2980	5.3609558255411685	1	RH-33_HLA-A02:01_YLFEHCSYGVI	0.6432180268585916
RH-33	HLA-B07:02	LPFIPEVAS	LPSIPEVAS	2.04262842	3	0.4021467795993111	7.8624749184	3.47580404973379e-09	16.557923420186	818.34310519	125.49682085190399	LPSIPEVAS	9	LPFIPEVAS	0	0	0	0	0	2.845	3.797	2.464	11.0	0.012448	1.1546266233766234	IPEVA	H	1.0666666666666669	1.08	0.6000000000000001	0.0	0.0	0.2	0.9503484571092786	972.1349	0.1111111111111111	67.8	0.4444444444444444	0	3.849983240943402	1	RH-33_HLA-B07:02_LPFIPEVAS	0.3523185219441111
BC-6229	HLA-B13:02	SECKYFIHL		11.00598688	12	0.998558659587683	9.429746091393527	0.0	5.314337875968019	331.43713996779996	84.2837320830495	SECKYFIHL	9	SECKYFIHL	0	0	0	0	0	0.978	2.235		5.5	0.06357		KYFIH	H	0.10000000000000003	-0.2200000000000001	0.0	0.6000000000000001	0.4	0.0	1.0	1139.3233	0.2222222222222222	92.82222222222224	0.4444444444444444	1490	7.355878309346735	1	BC-6229_HLA-B13:02_SECKYFIHL	0.4435213420712392
Neye-47	HLA-B07:02	LLFERPHTM	WLFERPHTM	0.0256621778	1	0.960930784181828	6.2908563614	0.0	8.660171494203349	443.510937038	16.823224668489303	WLFERPHTM	9	LLFERPHTM	0	0	0	0	0	1.6	4.534	1.501	5.5	0.014946	1.0659560293137909	ERPHT	H	-0.1333333333333335	-2.7	0.4	0.2	0.4	0.2	0.9684609881433284	1143.3583999999996	0.1111111111111111	21.91111111111111	0.3333333333333333	0	7.5513127176091075	1	Neye-47_HLA-B07:02_LLFERPHTM	0.36719225179705095
BC-2937	HLA-B18:01	TEKPPYIEV	TEKPPHIEV	3.71174154	8	0.999434890021376	0.5787683129	0.0	6.73374357772861	148.569311642	33.0684193051423	TEKPPHIEV	9	TEKPPYIEV	0	0	0	0	0	0.243	1.112	0.201	4.0	0.105878	1.208955223880597	PPYIE	H	-0.8222222222222222	-0.7	0.4	0.2	0.0	0.2	0.9529175514100234	1075.2117	0.1111111111111111	92.13333333333334	0.3333333333333333	1490	4.2581463060341775	1	BC-2937_HLA-B18:01_TEKPPYIEV	0.3511205061608807
BC-2278	HLA-C02:02	SSPSFYRAL		0.10656252628	1	0.99709691398061	9.429746091393527	0.0	4.87850617471541	104.141320954002	105.231758604433	SSPSFYRAL	9	SSPSFYRAL	0	0	0	0	0	0.818	1.0659999999999998		16.0	0.067462		SFYRA	H	-0.1555555555555556	-0.4	0.4	0.4	0.2	0.0	1.0	1027.1306	0.2222222222222222	117.94555555555556	0.3333333333333333	1490	9.348807885311542	1	BC-2278_HLA-C02:02_SSPSFYRAL	0.44503616931217554
BC-2849	HLA-B27:05	IRFQLPISS	MRFQLPISS	11.182154	12	0.999507064680052	0.8134810328000001	9.05359508832148e-07	5.88846861195768	2009.2861283020002	106.601830213879	MRFQLPISS	9	IRFQLPISS	0	0	0	0	0	0.665	2.149	0.459	2.5	0.062819	1.4488017429193902	QLPIS	H	0.4888888888888889	0.4799999999999999	0.4	0.0	0.0	0.0	0.9880758156700736	1060.2466	0.1111111111111111	51.688888888888904	0.4444444444444444	0	10.550002220086752	1	BC-2849_HLA-B27:05_IRFQLPISS	0.30980270775163143
BC-522	HLA-A30:01	AGLSTQRTK	AGLSTERTK	22.0598420194	4	0.997725395194075	2.3741476536	0.0	6.651083429234362	674.8458192140059	59.9153969180317	AGLSTERTK	9	AGLSTQRTK	0	0	0	0	0	0.253	1.832	0.8440000000000001	3.0	0.013324	0.2997630331753554	STQRT	H	-0.9888888888888888	-2.04	0.6000000000000001	0.0	0.2	0.0	0.975652302258278	961.0744	0.0	0.5111111111111111	0.1111111111111111	0	11.651775666512547	1	BC-522_HLA-A30:01_AGLSTQRTK	0.2529193412700119
RH-11	HLA-A31:01	KQLTACATR	KQLTACATW	1.67548881934148	27	0.9993795882299992	34.7565841675	0.0	4.6585791131343	484.779925777622	10.3807876679651	KQLTACATW	9	KQLTACATR	0	0	0	0	0	0.285	0.197	9.71	0.3	0.13662	0.029351184346035005	TACAT	H	-0.3777777777777779	0.94	1.0	0.0	0.0	0.0	0.9684768309936308	991.1666	0.0	83.97777777777776	0.1111111111111111	0	9.833242292515934	1	RH-11_HLA-A31:01_KQLTACATR	0.3674139747362224
RH-33	HLA-A02:01	YLWEKECSVP	YLWEKEGSVP	1.9409783168	3	0.406608720354385	8.851459503200001	0.503810108450896	16.557923420186	430.812175174785	125.49682085190399	YLWEKEGSVP	10	YLWEKECSV	0	0	0	0	0	1.082	0.362	1.821	7.5	0.005243	0.5941790225151017	EKECS	H	-0.5	-1.8400000000000003	0.4	0.0	0.2	0.4	0.9242350487787404	1253.4227	0.2	95.88	0.4	6990	4.258106910157949	1	RH-33_HLA-A02:01_YLWEKECSVP	0.34479807858653244
BC-40	HLA-A02:01	ALSGFYSLL	AVSGFQSLL	5.11954732	1	0.9996733495541852	8.1079139709	0.0	1.6633226917409198	157.455752322	42.38281926052029	AVSGFQSLL	9	ALSGFYSLL	0	0	0	0	0	0.429	0.5670000000000001	1.787	1.2	0.15452	0.2400671516508114	GFYSL	H	1.4111111111111108	0.82	0.4	0.4	0.0	0.0	0.934330713258489	970.1189	0.2222222222222222	45.11222222222222	0.5555555555555556	1490	6.093198032584041	1	BC-40_HLA-A02:01_ALSGFYSLL	0.5076532920012057
RH-18	HLA-B07:02	VPNLWDTPPLL	VPNLWDNPPLL	0.1465294526	5	0.9995194923280408	4.7886953354	2.6688189211265498e-11	0.23187881108028896	63.9590953820076	1.6823992422653502	VPNLWDNPPLL	11	VPNDTPPLL	0	3	2	0	0	0.625	1.027	0.8540000000000001	0.9	0.016855000000000002	0.7318501170960187	DTPPLLW	H	0.19999999999999996	-0.1000000000000001	0.5714285714285714	0.14285714285714285	0.0	0.14285714285714285	0.9455039615233968	1264.4685	0.09090909090909093	51.97272727272727	0.4545454545454545	5500	3.749987360555679	1	RH-18_HLA-B07:02_VPNLWDTPPLL	0.31235601189875584
Neye-06	HLA-A02:01	FLSRELDGRL	FLPRELDGRL	0.35200170818899995	10	0.993993023282124	10.4328489304	0.0	4.5897592290815705	637.6514877280471	221.72416879455503	FLPRELDGRL	10	FLSELDGRL	0	3	1	0	0	1.349	1.1909999999999998	2.162	4.0	0.009785	0.623959296947271	ELDGRR	H	-0.3000000000000001	-2.1	0.3333333333333333	0.0	0.3333333333333333	0.3333333333333333	0.9562477766628958	1205.3633	0.1	28.26	0.4	0	6.495679140556604	1	Neye-06_HLA-A02:01_FLSRELDGRL	0.2509510780470331
BC-40	HLA-C07:01	GRVVPPLSY	GRVGPPLSY	3.54818316	5	0.999726261375568	0.1822450459	0.0	1.6633226917409198	306.42310384	42.38281926052029	GRVGPPLSY	9	GRVVPPLSY	0	0	0	0	0	0.042	0.345	0.011	31.0	0.093205	3.8181818181818183	VPPLS	H	0.2222222222222222	0.8	0.8	0.0	0.0	0.0	0.9375476707700388	987.1528	0.1111111111111111	51.688888888888904	0.4444444444444444	1490	9.348807885311542	1	BC-40_HLA-C07:01_GRVVPPLSY	0.44833875341044227
Neye-16	HLA-A68:01	TIDVSKLNR	TIDVSNLNR	99.32094136	25	0.999436042192594	0.8100081085999999	0.0	0.5108485223435311	2591.412644914	14.8072552559437	TIDVSNLNR	9	TIDVSKLNR	0	0	0	0	0	1.031	2.52	1.053	9.5	0.019108	0.9791073124406456	VSKLN	H	-0.4888888888888889	-0.039999999999999945	0.6000000000000001	0.0	0.2	0.0	0.9615229889631656	1045.1907	0.0	-0.5444444444444447	0.3333333333333333	0	9.695024739019573	1	Neye-16_HLA-A68:01_TIDVSKLNR	0.2500318717325354
BC-522	HLA-A24:02	IWFFVGFML	IWLFVGFML	1.3901551	3	0.9977456435224392	0.9049468637	0.5	6.651083429234362	674.8458192140059	59.9153969180317	IWLFVGFML	9	IWFFVGFML	0	0	0	0	0	1.165	0.531	1.14	0.6	0.169164	1.0219298245614037	FVGFM	H	2.3888888888888884	2.26	0.4	0.4	0.0	0.0	0.9644978108626736	1159.4401	0.4444444444444444	-0.5444444444444447	0.7777777777777779	5500	6.099999998230487	1	BC-522_HLA-A24:02_IWFFVGFML	0.7631846350903617
Neye-36	HLA-A31:01	SSAGLQFPVGR	SRAGLQFPVGR	35.6609635498	9	0.9958815131404152	0.8586024642	0.0	21.3484613845056	784.6066890980002	100.353606443185	SRAGLQFPVGR	11	SSLQFPVGR	0	2	2	0	0	0.445	0.905	1.948	0.9	0.015509	0.2284394250513347	QFPVGAG	H	0.05454545454545452	0.4142857142857143	0.7142857142857142	0.14285714285714285	0.0	0.0	0.9731135893514072	1118.2429	0.09090909090909093	76.68181818181819	0.2727272727272727	0	10.550002220086752	1	Neye-36_HLA-A31:01_SSAGLQFPVGR	0.32958769985849723
BC-1994	HLA-C07:02	MRANEEVGREL	MHGNEVVGREL	1.18631103326	3	0.99273568927773	20.4032287598	0.0	4.68087072546163	429.410565829722	156.70805187915198	MHGNEVVGREL	11	MRAEVGREL	0	3	2	0	0	1.707	1.013	10.392	15.0	0.002883	0.16426096997690529	EVGRENE	H	-1.0636363636363635	-2.1	0.42857142857142855	0.0	0.14285714285714285	0.42857142857142855	0.9027168213140384	1303.4451	0.0	24.15454545454545	0.18181818181818185	0	4.479432890657336	1	BC-1994_HLA-C07:02_MRANEEVGREL	0.24512473661888814
RH-08	HLA-A02:01	RIFWPTKTI	RMFAPTKTW	5.97799378	6	0.998560298171631	1.5305423737	0.0	3.1519479559799395	393.77079479400004	23.398395898526697	RMFAPTKTW	9	RIFWPTKTI	0	0	0	0	0	2.178	6.875	4.789	4.5	0.012039	0.4547922321987889	WPTKT	H	-0.05555555555555555	-1.56	0.6000000000000001	0.2	0.2	0.0	0.8837074710305229	1161.3952000000004	0.2222222222222222	8.888888888888891	0.4444444444444444	5500	11.651775666512547	1	RH-08_HLA-A02:01_RIFWPTKTI	0.35053231916595606
RH-11	HLA-A31:01	KAFSKKSRLR	KAFSEKSRLR	0.5780933266	5	0.999383837898147	0.8969327806999999	0.0	4.6585791131343	484.779925777622	10.3807876679651	KAFSEKSRLR	10	KAFSKKSLR	0	7	1	0	0	0.138	0.205	0.175	0.15	0.010807	0.7885714285714287	SKKSLR	H	-1.39	-1.6833333333333336	0.3333333333333333	0.0	0.5	0.0	0.9712710695793216	1220.4675	0.1	47.52	0.2	0	12.546075669117274	1	RH-11_HLA-A31:01_KAFSKKSRLR	0.30507183328617793
RH-19	HLA-B07:02	MAYREEVLAL	MASREEVLAL	1.46981836	8	0.998533687786268	2.9571537971	0.0	4.71692850204487	541.809943338	90.6762295606302	MASREEVLAL	10	MAREEVLAL	0	2	1	0	0	1.743	1.3330000000000002	1.739	3.5	0.005305	1.0023001725129386	EEVLAY	H	0.45	0.25	0.3333333333333333	0.16666666666666666	0.0	0.3333333333333333	0.9585975590560282	1194.4002	0.1	37.03	0.4	1490	4.258146501611918	1	RH-19_HLA-B07:02_MAYREEVLAL	0.26585765259724287
RH-31	HLA-B07:02	LSAASSSSL	ASAASSSSL	5.21809692026946	12	0.998436789554612	2.2669577599	0.0	1.04907123949787	170.282114358	6.66807343793586	ASAASSSSL	9	LSAASSSSL	0	0	0	0	0	1.456	1.017	0.899	2.5	0.045953	1.6195773081201337	ASSSS	H	0.8	-0.28	1.0	0.0	0.0	0.0	0.9896569152063126	821.8727999999999	0.0	73.08888888888889	0.2222222222222222	0	6.099999998230487	1	RH-31_HLA-B07:02_LSAASSSSL	0.33651855932775876
RH-31	HLA-B07:02	RAAARYTPL	RAAARHTPL	0.17519142399999998	3	0.994540115955136	0.6955647469	0.00011789799878610901	1.04907123949787	170.282114358	6.66807343793586	RAAARHTPL	9	RAAARYTPL	0	0	0	0	0	0.311	0.044	0.153	0.12	0.051438	2.0326797385620914	ARYTP	H	-0.3777777777777779	-1.2600000000000002	0.6000000000000001	0.2	0.2	0.0	0.9576744105037602	1018.1703	0.1111111111111111	-8.922222222222224	0.2222222222222222	1490	11.147622928954661	1	RH-31_HLA-B07:02_RAAARYTPL	0.4046447149469564
RH-24	HLA-A02:01	LLVPASQHL	LLVPAPQHL	0.8909122630828841	8	0.994165748231385	0.1445046663	0.0	0.20732256835205104	8.2072020042	0.181339505073847	LLVPAPQHL	9	LLVPASQHL	0	0	0	0	0	0.18	1.3259999999999998	0.099	1.8	0.07216499999999999	1.818181818181818	PASQH	H	0.9222222222222224	-1.46	0.6000000000000001	0.2	0.2	0.0	0.9495473864338468	977.158	0.0	73.08888888888889	0.4444444444444444	0	7.550323993898928	1	RH-24_HLA-A02:01_LLVPASQHL	0.3487960211190348
RH-33	HLA-A24:02	DLGGFFSYF	ALGGFFSYF	0.194748972896811	1	0.406467293260273	6.322675705	0.999999999973312	16.557923420186	430.812175174785	125.49682085190399	ALGGFFSYF	9	DLGGFFSYF	0	0	0	0	0	1.924	2.242	1.147	14.0	0.139774	1.6774193548387095	GFFSY	H	0.6444444444444444	0.6199999999999999	0.4	0.6000000000000001	0.0	0.0	0.9805050038600944	1052.1348	0.4444444444444444	22.6	0.5555555555555556	1490	3.7499869628809392	1	RH-33_HLA-A24:02_DLGGFFSYF	0.5753901315815035
Neye-03	HLA-C04:01	IQFDPGLSIL	IQFDPGSSIL	0.241993664521	8	0.998738312301503	0.2849662304	5.89524745824429e-05	0.558316793330324	123.98218083180001	8.77912764275618	IQFDPGSSIL	10	IFDPGLSIL	0	1	1	0	0	0.036000000000000004	0.037000000000000005	0.019	7.0	0.015307	1.8947368421052635	PGLSIQ	H	0.96	0.3333333333333333	0.5	0.0	0.0	0.0	0.9495003980426416	1102.2799	0.1	33.06	0.5	0	3.749987360555679	1	Neye-03_HLA-C04:01_IQFDPGLSIL	0.4923976000351809
Neye-02	HLA-B44:02	IESLIHKGL	IESLIPKGL	0.208003157859	11	0.9981185435937712	0.9767021537	0.0	7.516092086388731	330.6631670602	466.19051205930197	IESLIPKGL	9	IESLIHKGL	0	0	0	0	0	0.32	0.642	0.247	3.0	0.081772	1.2955465587044537	LIHKG	H	0.5333333333333333	0.16000000000000011	0.2	0.2	0.4	0.0	0.9303439055649618	1009.1998999999997	0.0	109.7	0.4444444444444444	0	7.549726882018149	1	Neye-02_HLA-B44:02_IESLIHKGL	0.41115634167675186
Neye-03	HLA-A11:01	TTCLVASKK	TTCLVASKE	0.8005542688609999	30	0.998959158547153	59.4726142883	0.0	0.558316793330324	447.77840485800004	8.77912764275618	TTCLVASKE	9	TTCLVASKK	0	0	0	0	0	0.274	0.263	13.814	0.4	0.10597	0.019834950050673227	LVASK	H	0.2555555555555557	1.02	0.6000000000000001	0.0	0.2	0.0	0.9890380139605496	950.1544	0.0	30.288888888888888	0.2222222222222222	0	9.676237541250883	1	Neye-03_HLA-A11:01_TTCLVASKK	0.4252689596023377
RH-29	HLA-A03:01	TFFFSLKEK	TKFHSLKPK	0.34604055520000004	10	0.998336016407378	5.1888656616	0.0	10.923953085850801	275.52128204327596	29.6482222941989	TKFHSLKPK	9	TFFFSLKEK	0	0	0	0	0	1.444	1.384	3.752	14.0	0.038452	0.3848614072494669	FSLKE	H	-0.06666666666666678	-0.32	0.2	0.2	0.2	0.2	0.8652595624250655	1146.3341	0.3333333333333333	13.166666666666664	0.4444444444444444	0	9.53730092663318	1	RH-29_HLA-A03:01_TFFFSLKEK	0.40188755343076643
BC-2389	HLA-B38:01	GQFNQDYLL	GQFNQDYLS	141.267420166	5	0.999600529809491	12.680529594400001	0.0	8.34152149445408	858.735436348	44.1889892232421	GQFNQDYLS	9	GQFNQDYLL	0	0	0	0	0	0.298	0.226	16.846	2.5	0.125898	0.01768965926629467	NQDYL	H	-0.588888888888889	-1.6	0.4	0.2	0.0	0.2	0.9801733055925882	1097.1772	0.2222222222222222	13.533333333333335	0.4444444444444444	1490	3.7499869628809392	1	BC-2389_HLA-B38:01_GQFNQDYLL	0.4407488704861649
RH-11	HLA-A31:01	VFMALVFRH	VFVALVFRH	0.622786288	9	0.9992538565485308	15.3596000671	0.0	4.6585791131343	484.779925777622	10.3807876679651	VFVALVFRH	9	VFMALVFRH	0	0	0	0	0	2.154	1.942	3.3960000000000004	7.5	0.012	0.6342756183745583	ALVFR	H	1.5333333333333334	1.6200000000000003	0.4	0.2	0.2	0.0	0.9747314621085074	1119.3814000000002	0.2222222222222222	44.0	0.5555555555555556	0	10.551758703775702	1	RH-11_HLA-A31:01_VFMALVFRH	0.5136298709111143
BC-6428	HLA-C02:02	FVDTMVHQAI	FGDTMVHQAI	3.89609900167	0	0.9950360013540892	17.7199249268	0.0	2.01377659054497	51.228888360657905	161.56471881187	FGDTMVHQAI	10	FVDTVHQAI	0	4	1	0	0	6.912000000000001	2.358	18.794	4.0	0.00758	0.3677769500904544	TVHQAM	H	0.8499999999999999	0.0833333333333333	0.5	0.16666666666666666	0.16666666666666666	0.0	0.9606227106598332	1160.3424	0.1	-21.06	0.4	0	5.292257586028427	1	BC-6428_HLA-C02:02_FVDTMVHQAI	0.3226590641684167
BC-5037	HLA-A26:01	QVLDMAQLFY	QVSDMAQLFY	13.3416746	3	0.999733950015186	0.469707936	0.0	6.120634762936831	415.472073025981	27.517964995296893	QVSDMAQLFY	10	QVLDMAQLY	0	8	1	0	0	0.383	0.772	0.192	0.5	0.084267	1.9947916666666663	DMAQLF	H	0.65	0.5499999999999999	0.3333333333333333	0.16666666666666666	0.0	0.16666666666666666	0.9613797188395012	1227.4282	0.2	46.401	0.5	1490	3.7499869628809392	1	BC-5037_HLA-A26:01_QVLDMAQLFY	0.41671449529446425
RH-33	HLA-A24:02	SVTETTDKF	SVTETTDKV	4.80730057971764	4	0.4191564705284221	17.2418346405	0.999999999973312	16.557923420186	430.812175174785	125.49682085190399	SVTETTDKV	9	SVTETTDKF	0	0	0	0	0	1.55	5.107	15.638	5.0	0.034162	0.09911753421153599	ETTDK	H	-0.7555555555555555	-2.46	0.6000000000000001	0.0	0.2	0.4	0.9844595240293998	1027.0828	0.1111111111111111	11.422222222222226	0.2222222222222222	0	4.184407519642264	1	RH-33_HLA-A24:02_SVTETTDKF	0.3505108503697504
BC-7577	HLA-C02:02	RTLIYAHLL	RDLDQAHLL	26.334421235100002	4	0.996124538026631	31.639364242600003	0.0	8.37519904968081	417.630665192	120.70091923988899	RDLDQAHLL	9	RTLIYAHLL	0	0	0	0	0	2.5660000000000003	2.524	11.697	16.0	0.038081	0.2193724886723092	IYAHL	H	0.8888888888888888	1.12	0.2	0.4	0.2	0.0	0.8547155379554209	1099.3257	0.1111111111111111	25.766666666666666	0.5555555555555556	1490	9.351184298284352	1	BC-7577_HLA-C02:02_RTLIYAHLL	0.5539979683531283
Neye-43	HLA-B44:05	YELEPYKF	YELEPHKF	0.282232578048	5	0.99951747961121	1.3369518518	2.6688189211265498e-11	3.59608706846894	261.951206859562	39.27967988889421	YELEPHKF	8	YELEP-YKF	0	0	0	5	1	0.42	1.673	0.192	0.4	0.018161	2.1875	EP-YK	H	-1.0625	-2.158	0.2	0.2	0.2	0.2	0.955341831661458	1088.2086000000004	0.375	23.4	0.5	2980	4.258145315106958	1	Neye-43_HLA-B44:05_YELEPYKF	0.36695255668432714
BC-40	HLA-C07:01	MPTPVVMTL	MRTPVVMTL	22.7325488	23	0.99966530696523	0.0228572972	0.0	1.6633226917409198	306.42310384	42.38281926052029	MRTPVVMTL	9	MPTPVVMTL	0	0	0	0	0	0.396	1.121	0.002	1.1	0.115776	198.0	PVVMT	H	1.2666666666666666	1.6000000000000003	0.8	0.0	0.0	0.0	0.9581306461853304	988.2650999999997	0.0	75.91111111111113	0.3333333333333333	0	6.099999998230487	1	BC-40_HLA-C07:01_MPTPVVMTL	0.4485433388711497
BC-8728	HLA-B44:03	TEPTTQPPI	TEPTTQPTI	169.891033523	1	0.995068385350381	0.6056364775	0.0	4.84333106118941	550.4538907000001	114.038006686349	TEPTTQPTI	9	TEPTTQPPI	0	0	0	0	0	2.069	3.03	0.7490000000000001	8.5	0.014507	2.7623497997329767	TTQPP	H	-1.0444444444444445	-1.62	0.8	0.0	0.0	0.0	0.9642385362920374	983.0734	0.0	86.11111111111113	0.1111111111111111	0	3.849983240943402	1	BC-8728_HLA-B44:03_TEPTTQPPI	0.2807314033523088
RH-27	HLA-A02:01	KVIDEEWQI	KVIDEEWQR	0.1205018776	3	0.998429113669196	7.150104999500001	0.0	3.46998812844509	295.121154907332	231.529234991199	KVIDEEWQR	9	KVIDEEWQI	0	0	0	0	0	0.083	0.6679999999999999	3.77	1.8	0.090759	0.022015915119363398	DEEWQ	H	-0.6222222222222222	-2.98	0.2	0.2	0.0	0.6000000000000001	0.9741268686293711	1159.2883000000004	0.1111111111111111	18.977777777777774	0.4444444444444444	5500	3.927550605032593	1	RH-27_HLA-A02:01_KVIDEEWQI	0.4864777035668495
BC-471	HLA-B35:03	LPARPQGAI	LPARPPGAL	6.85440458	1	0.999134113926836	0.5974266529	0.00761977109418369	2.11717355207013	299.4995202856	110.946368150651	LPARPPGAL	9	LPARPQGAI	0	0	0	0	0	0.225	0.23	0.025	1.0	0.017947	9.0	RPQGA	H	0.03333333333333331	-1.64	0.6000000000000001	0.0	0.2	0.0	0.9322738421572022	922.0829	0.0	85.05555555555556	0.2222222222222222	0	10.550002220086752	1	BC-471_HLA-B35:03_LPARPQGAI	0.3425322421088216
RH-11	HLA-B40:01	LEAQLKKQAEL	LEAQLKKQAEQ	1.215132026	30	0.9995628722926708	71.78270721439999	0.0	1.8327675811573505	504.33434442	27.3660685293742	LEAQLKKQAEQ	11	LEAQLQAEL	0	5	2	0	0	0.65	0.585	19.091	0.25	0.021662	0.03404745691687183	QLQAEKK	H	-0.6181818181818183	-1.8142857142857145	0.14285714285714285	0.0	0.2857142857142857	0.14285714285714285	0.9853463660637402	1270.4749000000004	0.0	22.863636363636363	0.2727272727272727	0	6.5307594472542405	1	RH-11_HLA-B40:01_LEAQLKKQAEL	0.3074472875077133
BC-2849	HLA-C07:02	VYNKGTQAV	VYNEGTQAV	20.05684443	7	0.9994761030247808	0.6548227072	0.5	5.88846861195768	1596.3899612339999	106.601830213879	VYNEGTQAV	9	VYNKGTQAV	0	0	0	0	0	0.332	0.232	0.153	36.0	0.015313	2.169934640522876	KGTQA	H	-0.3444444444444446	-1.34	0.6000000000000001	0.0	0.2	0.0	0.967777643930241	979.0876999999997	0.1111111111111111	-0.4222222222222221	0.3333333333333333	1490	9.29830065090209	1	BC-2849_HLA-C07:02_VYNKGTQAV	0.3099895745983148
BC-2849	HLA-B27:05	VRFWRIDKDY	VRFWRIDEDY	30.918522437800004	3	0.999542797454629	0.8188028336	0.0	5.88846861195768	2009.2861283020002	106.601830213879	VRFWRIDEDY	10	VRFWRIDKY	0	8	1	0	0	0.895	1.135	0.91	1.6	0.039539	0.9835164835164836	WRIDKD	H	-1.06	-1.9666666666666668	0.3333333333333333	0.16666666666666666	0.3333333333333333	0.3333333333333333	0.9679071966876038	1397.5793	0.30000000000000004	0.5099999999999998	0.5	6990	9.29641584213823	1	BC-2849_HLA-B27:05_VRFWRIDKDY	0.37579756504627615
BC-5037	HLA-B40:02	LEVEAVESTL	GLVEAVESTL	4.135628253	12	0.9997283076295892	17.849905014	0.0	6.120634762936831	544.575089361	27.517964995296893	GLVEAVESTL	10	LEVEAVSTL	0	6	1	0	0	0.363	0.378	19.846	0.7	0.087055	0.01829083946387181	EAVSTE	H	0.58	-0.4166666666666667	0.6666666666666666	0.0	0.0	0.3333333333333333	0.962476256129437	1089.1936	0.0	28.26	0.4	0	3.4727998333983123	1	BC-5037_HLA-B40:02_LEVEAVESTL	0.3341576026693628
Neye-01	HLA-A02:01	LLIFFLFIVVI	LLIFFLFIGVI	0.0997729705611	0	0.982123357920524	28.336101531999997	0.0	15.7099291767571	325.81806297599996	1812.1196934565805	LLIFFLFIGVI	11	LLFLFIVVI	0	2	2	0	0	17.845	6.527	21.224	0.4	0.029208	0.8407934413871089	LFIVVIF	H	3.7909090909090915	3.8285714285714287	0.2857142857142857	0.2857142857142857	0.0	0.0	0.9620511698568308	1336.7443	0.2727272727272727	1.3727272727272726	1.0	0	6.099999998230487	1	Neye-01_HLA-A02:01_LLIFFLFIVVI	0.6674567159692568
Neye-22	HLA-B08:01	KAEDRFSM	EAEDRFSM	2.32881907512	16	0.797298138621426	6.607565403	0.0	1.0	329.45508952	4.735494117089769	EAEDRFSM	8	KAEDRF-SM	0	0	0	6	1	1.939	5.902	1.036	2.5	0.003556	1.8716216216216215	DRF-S	H	-1.2125	-1.298	0.4	0.2	0.2	0.2	0.9865341089833995	983.0997	0.125	23.4	0.125	0	6.4943230827338985	1	Neye-22_HLA-B08:01_KAEDRFSM	0.2866528633025004
