Patient	HLA_allele	Mut_peptide	Norm_peptide	Expression	PrioScore	CelPrev	NetMHCExp	Foreigness	CYT	HLAexp	Blinage	Monocytes	PeptNorm	PeptLen	Core	Of	Gp	Gl	Ip	Il	RankEL	RankBA	RankEL_wt	Stability	Prime	DAI	CoreNonAnchor	Loci	HydroAll	HydroCore	PropSmall	PropAro	PropBasic	PropAcidic	SelfSim	mw	Aro	Inst	PropHydroAro	CysRed	pI	model	identity	mean_prediction_rf
RH-16	HLA-A24:02	LIHAPRNLTF	LIRAPRNLTF	0.17782129828165	1	0.998166026165165	10.224338531499999	0.0	2.49913786549311	225.52450740370895	236.670457410912	5.9954276483973885	LIRAPRNLTF	10	LHAPRNLTF	0	1	1	0	0	1.224	2.073	2.824	5.5	0.014609	0.4334277620396601	PRNLTI	H	0.32	-0.3333333333333333	0.5	0.0	0.16666666666666666	0.0	0.9525248451107716	1181.3865	0.1	57.74000000000001	0.4	0	10.551758703775702	1	RH-16_HLA-A24:02_LIHAPRNLTF	0.2769178481694682
MM-14	HLA-C07:02	TTWETGISM	ATWETGISM	7.12778972156	16	0.992600447185427	1.7923002243	0.9999995473200408	18.1976588987608	350.770690714	132.553549795495	4.86693638034116	ATWETGISM	9	TTWETGISM	0	0	0	0	0	1.906	3.194	1.948	2.5	0.023321	0.9784394250513344	ETGIS	H	-0.1444444444444445	-0.1800000000000001	0.6000000000000001	0.0	0.0	0.2	0.9852119259171228	1025.1331	0.1111111111111111	-26.677777777777774	0.2222222222222222	5500	3.849983240943402	1	MM-14_HLA-C07:02_TTWETGISM	0.43914510323210776
MM-37	HLA-C03:04	LVHGNVCGL	LVHGNVCGR	12.563289812899999	10	0.995309438774829	18.1836585999	0.0	102.36892640434799	956.114634496	3772.9283482610094	36.083524166915204	LVHGNVCGR	9	LVHGNVCGL	0	0	0	0	0	1.317	0.767	31.333	1.4	0.033286	0.042032362046404745	GNVCG	H	1.2222222222222223	0.4800000000000001	1.0	0.0	0.0	0.0	0.9761174323562432	911.0799	0.0	-12.066666666666665	0.4444444444444444	0	7.359029809944332	1	MM-37_HLA-C03:04_LVHGNVCGL	0.4322626397321197
RH-19	HLA-B07:02	IWARPGKAEL	TWARPGKAEL	0.2243536958	6	0.9988155056820692	1.9886860847	0.0	2.8440116540771903	755.2776211205071	193.80874055037103	18.5903041102332	TWARPGKAEL	10	IARPGKAEL	0	1	1	0	0	0.922	1.354	0.748	7.5	0.003743	1.232620320855615	PGKAEW	H	-0.29000000000000004	-1.4166666666666667	0.5	0.16666666666666666	0.16666666666666666	0.16666666666666666	0.9827273969301664	1140.3347	0.1	4.740000000000002	0.30000000000000004	5500	9.695027685724199	1	RH-19_HLA-B07:02_IWARPGKAEL	0.2909863039148412
mUC-2849	HLA-A02:01	LLLALPPAA	LLLASPPAA	0.951867906	6	0.9994832757035692	2.4655528069	0.999941047525418	5.88846861195768	1036.3810042011999	45.294222065366	56.05527346593511	LLLASPPAA	9	LLLALPPAA	0	0	0	0	0	0.363	0.513	0.331	3.0	0.070467	1.0966767371601207	ALPPA	H	1.9333333333333336	0.8399999999999999	0.8	0.0	0.0	0.0	0.9554579746637429	878.1098000000002	0.0	73.08888888888889	0.4444444444444444	0	6.099999998230487	1	mUC-2849_HLA-A02:01_LLLALPPAA	0.36794721733245195
RH-13	HLA-A03:01	AMNALHLEKA	AMNALRLEKA	5.229949528	9	0.9990959056370352	6.269964695	0.0	0.13680615086880402	13.994567985035602	2.11502006586222	0.801532996543215	AMNALRLEKA	10	AMNALHLEK	0	0	0	0	0	2.91	1.005	3.025	6.5	0.012406	0.9619834710743802	ALHLE	H	0.07999999999999996	0.5399999999999998	0.2	0.2	0.2	0.2	0.9488988468983044	1097.2884	0.0	9.0	0.2	0	7.549726882018149	1	RH-13_HLA-A03:01_AMNALHLEKA	0.22977625657228024
mUC-5037	HLA-B40:02	HELHSLISQL	RELHSLISQL	0.409569858	2	0.999730365857155	0.6611945629	0.0	6.120634762936831	544.575089361	7.159915561050348	15.5552077631621	RELHSLISQL	10	HEHSLISQL	0	2	1	0	0	0.132	0.135	0.091	0.25	0.102297	1.4505494505494507	SLISQL	H	0.08999999999999994	1.1666666666666667	0.3333333333333333	0.0	0.0	0.0	0.9811150848157344	1176.3221	0.0	28.26	0.4	0	6.4977498198859385	1	mUC-5037_HLA-B40:02_HELHSLISQL	0.4644540854963542
mUC-8728	HLA-B51:01	QSSPLPQSPQV	QSSPLPQSPQA	43.84188265	0	0.995139444161859	18.6642589569	5.94051011701557e-05	4.84333106118941	550.4538907000001	10.4368804290089	31.6790925169804	QSSPLPQSPQA	11	QPLPQSPQV	0	1	2	0	0	0.833	2.018	6.245	5.0	0.002569	0.133386709367494	PQSPQSS	H	-0.8818181818181817	-1.8000000000000005	0.7142857142857142	0.0	0.0	0.0	0.9890572358221936	1167.269	0.0	232.05454545454543	0.18181818181818185	0	6.099999998230487	1	mUC-8728_HLA-B51:01_QSSPLPQSPQV	0.35662282677047896
RH-11	HLA-A31:01	GGWGGLFHH	GGWVGLFHH	0.144144103	1	0.960930784181828	16.874073028599998	0.0	4.6585791131343	484.779925777622	82.37020262239459	2.24865471920802	GGWVGLFHH	9	GGWGGLFHH	0	0	0	0	0	2.638	5.505	4.739	8.0	0.040606	0.5566575226841106	GGLFH	H	-0.25555555555555565	0.5199999999999999	0.4	0.4	0.2	0.0	0.931780816419593	967.0404	0.2222222222222222	38.50000000000001	0.3333333333333333	5500	7.714356231503189	1	RH-11_HLA-A31:01_GGWGGLFHH	0.38603257242499484
mUC-1249	HLA-A03:01	KLWPRALRK	ELWPRALRK	9.14806962	11	0.9981949253327328	0.7675336599	0.0	2.75762405983014	516.05916206796	7.4264250676445185	26.864370920139297	ELWPRALRK	9	KLWPRALRK	0	0	0	0	0	0.001	0.006999999999999999	0.175	0.03	0.28082	0.005714285714285715	PRALR	H	-1.1	-1.0	0.4	0.0	0.4	0.0	0.9853317616019064	1167.4495	0.1111111111111111	38.788888888888884	0.3333333333333333	5500	12.531747031025589	1	mUC-1249_HLA-A03:01_KLWPRALRK	0.5104572171734654
MM-42	HLA-A03:01	SGFGRTHKK	SGFGRTHEK	0.233072850894	6	0.9987964360824972	1.7270889282	0.0	26.849533557627396	6315.41270311	128.48797840229602	17.913315764944	SGFGRTHEK	9	SGFGRTHKK	0	0	0	0	0	0.399	0.995	0.5	2.5	0.02246	0.7979999999999999	GRTHK	H	-1.6666666666666667	-2.54	0.4	0.2	0.6000000000000001	0.0	0.9765277185187141	1017.1425	0.1111111111111111	35.2	0.1111111111111111	0	11.823062091134489	1	MM-42_HLA-A03:01_SGFGRTHKK	0.4243990945015529
mUC-5122	HLA-A32:01	VLNEYFHNF	VLNEYFHNV	16.18553566	17	0.995275149896805	0.4646107852	0.9999999999997952	0.449560347409541	123.757779748019	8.7955968877234	8.454706776380759	VLNEYFHNV	9	VLNEYFHNF	0	0	0	0	0	0.035	0.092	0.733	0.3	0.300048	0.047748976807639835	EYFHN	H	-0.1555555555555556	-1.7399999999999998	0.2	0.6000000000000001	0.2	0.2	0.9801860006341052	1182.2832	0.3333333333333333	18.5	0.5555555555555556	1490	5.363445803988724	1	mUC-5122_HLA-A32:01_VLNEYFHNF	0.5553613810294766
mUC-2131	HLA-A02:01	RLLSLVIWI	RLFSLVIWI	10.47263962	9	0.999694385240202	2.149856329	4.5267995933512706e-07	17.2068719646884	686.5880394156	8.50949159623666	41.3615622042525	RLFSLVIWI	9	RLLSLVIWI	0	0	0	0	0	0.4	0.162	0.412	0.4	0.196231	0.9708737864077671	SLVIW	H	2.0444444444444443	2.16	0.4	0.2	0.0	0.0	0.9714593517522406	1112.4072	0.1111111111111111	8.888888888888891	0.7777777777777777	5500	10.550002220086752	1	mUC-2131_HLA-A02:01_RLLSLVIWI	0.7165898363243011
MM-22	HLA-C07:01	FRQKASRLTL	FRQEASRLTL	0.6033128179999999	12	0.7679653046999719	3.4015302658	0.0	1.0	304.81876716200003	1.36524565814736	12.098722772323	FRQEASRLTL	10	FRQKASLTL	0	6	1	0	0	0.488	0.095	0.191	12.0	0.002121	2.5549738219895293	KASLTR	H	-0.5700000000000001	-0.7166666666666667	0.5	0.0	0.3333333333333333	0.0	0.9720420689719591	1219.4363	0.1	47.52	0.30000000000000004	0	12.51647814642638	1	MM-22_HLA-C07:01_FRQKASRLTL	0.2620554209945595
mUC-1249	HLA-C05:01	YVDSRGLVI	YVDSRGLVV	2.62599677527	8	0.998296055390077	0.12955319880000002	0.0	2.75762405983014	104.221571073852	7.4264250676445185	26.864370920139297	YVDSRGLVV	9	YVDSRGLVI	0	0	0	0	0	0.019	0.011	0.018000000000000002	2.5	0.182896	1.0555555555555554	SRGLV	H	0.6888888888888889	0.46	0.6000000000000001	0.0	0.2	0.0	0.9958795463841648	1021.1674	0.1111111111111111	25.555555555555557	0.5555555555555556	1490	6.3318953779526055	1	mUC-1249_HLA-C05:01_YVDSRGLVI	0.5089096161643858
RH-11	HLA-A02:01	KLDKICFTI	KDGKIDFTI	7.1946241911099005	11	0.999145406902704	42.2373085022	0.0	1.8327675811573505	553.367838962	170.403724133466	4.665837298869441	KDGKIDFTI	9	KLDKICFTI	0	0	0	0	0	0.3720000000000001	0.246	26.237	0.17	0.265791	0.01417845028013874	KICFT	H	0.6777777777777777	1.04	0.4	0.2	0.2	0.0	0.8685220832344352	1080.3407000000002	0.1111111111111111	-19.411111111111108	0.4444444444444444	0	8.540492971427739	1	RH-11_HLA-A02:01_KLDKICFTI	0.5111938076475189
mUC-3529	HLA-A02:05	GQQPLTVFV	GRQPLTVFV	2.00495484	0	0.999057786526396	28.125534057600003	5.89524745824429e-05	5.862436676120678	220.656272802015	18.385740492346105	33.6822244995291	GRQPLTVFV	9	GQQPLTVFV	0	0	0	0	0	0.085	0.318	7.806	6.0	0.173924	0.010889059697668459	PLTVF	H	0.5888888888888889	1.7	0.6000000000000001	0.2	0.0	0.0	0.9747851666924612	988.1375	0.1111111111111111	51.688888888888904	0.4444444444444444	0	6.099999998230487	1	mUC-3529_HLA-A02:05_GQQPLTVFV	0.4867759558758452
RH-11	HLA-B40:01	YELSTFFLFVF	YELSTFFLFVF	1.7025988	0	0.9993464260816228	3.7566177845	0.0	1.8327675811573505	504.33434442	170.403724133466	4.665837298869441	YELSTFFLFVF	11	YELSTLFVF	0	5	2	0	0	1.734	0.617	1.734	0.25	0.026629000000000003	1.0	STLFVFF	H	1.518181818181818	2.128571428571429	0.42857142857142855	0.42857142857142855	0.0	0.0	1.0	1412.6251	0.4545454545454546	13.454545454545455	0.7272727272727273	1490	3.8499827128835022	1	RH-11_HLA-B40:01_YELSTFFLFVF	0.634026841791572
mUC-2131	HLA-C02:02	TAQPLTLSL	RAQPLTLSL	4.51928722718	18	0.999769083911937	0.174500376	0.0	17.2068719646884	884.671383344	8.50949159623666	41.3615622042525	RAQPLTLSL	9	TAQPLTLSL	0	0	0	0	0	0.067	0.335	0.064	1.1	0.134006	1.046875	PLTLS	H	0.6555555555555554	0.9	0.6000000000000001	0.0	0.0	0.0	0.9824161914832038	943.0955	0.0	30.288888888888888	0.3333333333333333	0	6.099999998230487	1	mUC-2131_HLA-C02:02_TAQPLTLSL	0.5128251432711001
mUC-471	HLA-B35:03	EPHFWAKSI	EPHFGAKSI	3.9531410011	11	0.999118157903151	2.2728204727000003	0.0	2.11717355207013	299.4995202856	3.1036370830581803	11.926974495140099	EPHFGAKSI	9	EPHFWAKSI	0	0	0	0	0	0.966	1.736	0.58	5.5	0.033255	1.6655172413793105	FWAKS	H	-0.5333333333333337	-0.2	0.4	0.4	0.2	0.0	0.9069280347854716	1114.2526	0.2222222222222222	2.06666666666667	0.3333333333333333	5500	7.549726882018149	1	mUC-471_HLA-B35:03_EPHFWAKSI	0.28259858033239854
mUC-6800	HLA-A03:01	LLRAEGFTVK	LLRAEGFTVE	10.4382460304	5	0.99928949484298	38.061744689899996	0.5	1.66928612373416	318.343870861535	11.059421050265	13.0409377365436	LLRAEGFTVE	10	LLREGFTVK	0	3	1	0	0	0.695	0.33	25.524	1.0	0.073033	0.02722927440839993	EGFTVA	H	0.34	0.7000000000000001	0.6666666666666666	0.16666666666666666	0.0	0.16666666666666666	0.9886410181067824	1133.3404	0.1	25.380000000000006	0.4	0	9.695027685724199	1	mUC-6800_HLA-A03:01_LLRAEGFTVK	0.36285401530870287
RH-24	HLA-A03:01	TLQSISPKNLK	TLQSISPKNFK	8.878540000000001e-05	4	0.994836393985602	1.5725045204	0.0	0.20732256835205104	8.2072020042	0.182973115579296	0.14465344981452	TLQSISPKNFK	11	TLISPKNLK	0	2	2	0	0	0.368	0.765	0.35700000000000004	1.2	0.020943	1.030812324929972	SPKNLQS	H	-0.6	-1.4714285714285715	0.5714285714285714	0.0	0.14285714285714285	0.0	0.9780904712335122	1228.4381999999996	0.0	110.9	0.2727272727272727	0	10.805379563011227	1	RH-24_HLA-A03:01_TLQSISPKNLK	0.28161486045934525
RH-11	HLA-A02:01	TLAPPYMLL	TLAPPYMLL	0.17935095	0	0.999333974165817	1.1471440792	0.0	4.6585791131343	484.779925777622	82.37020262239459	2.24865471920802	TLAPPYMLL	9	TLAPPYMLL	0	0	0	0	0	0.112	0.795	0.112	3.5	0.132646	1.0	PPYML	H	1.1	0.23999999999999996	0.4	0.2	0.0	0.0	1.0	1018.2695	0.1111111111111111	100.51111111111112	0.4444444444444444	1490	6.093198032584041	1	RH-11_HLA-A02:01_TLAPPYMLL	0.3992782808964392
MM-06	HLA-A02:01	SSTEALISV	SSTEALISA	0.841291668758	23	0.993682074545159	10.6829137802	4.5267995933512706e-07	4.5897592290815705	637.6514877280471	1924.8472388498199	6.799003103711962	SSTEALISA	9	SSTEALISV	0	0	0	0	0	1.401	3.712	5.725	6.0	0.115902	0.2447161572052402	EALIS	H	0.8555555555555556	1.16	0.4	0.0	0.0	0.2	0.9899200871490152	905.9892000000003	0.0	51.688888888888904	0.3333333333333333	0	3.849983240943402	1	MM-06_HLA-A02:01_SSTEALISV	0.4182828515505734
RH-33	HLA-A02:01	LQYSPIAGI	LQYSPSAGI	0.596227319804209	2	0.380920545032555	4.961725235	0.999970522893835	16.557923420186	430.812175174785	1109.87776696285	14.7270658152246	LQYSPSAGI	9	LQYSPIAGI	0	0	0	0	0	0.8909999999999999	1.624	1.554	3.0	0.029638	0.5733590733590733	SPIAG	H	0.7777777777777778	0.7	0.8	0.0	0.0	0.0	0.9499990852104152	961.1122	0.1111111111111111	76.12222222222223	0.4444444444444444	1490	6.093198032584041	1	RH-33_HLA-A02:01_LQYSPIAGI	0.48374178685000685
mUC-5122	HLA-A24:02	LLLYIANVAHF	LPLYIANVAHF	0.375919251205	3	0.99358189314184	0.8439163566	4.5268016425427295e-07	0.449560347409541	123.757779748019	8.7955968877234	8.454706776380759	LPLYIANVAHF	11	LYIANVAHF	0	1	2	0	0	0.311	0.179	0.311	1.6	0.020946	1.0	ANVAHLL	H	1.681818181818182	1.2428571428571429	0.5714285714285714	0.14285714285714285	0.14285714285714285	0.0	0.9619397065516528	1273.5214	0.18181818181818185	-8.054545454545453	0.6363636363636364	1490	7.542349207215012	1	mUC-5122_HLA-A24:02_LLLYIANVAHF	0.42530859581182756
RH-11	HLA-A31:01	RASGTPGLRAR	RARGTPKGRAP	5.78589984	18	0.960930784181828	41.5618476868	5.89525012674855e-05	4.6585791131343	484.779925777622	82.37020262239459	2.24865471920802	RARGTPKGRAP	11	RASPGLRAR	0	3	2	0	0	0.396	1.497	16.426	1.1	0.040553	0.02410812127115549	PGLRAGT	H	-0.9090909090909092	-0.2857142857142857	0.7142857142857142	0.0	0.14285714285714285	0.0	0.8771667886808309	1141.2848	0.0	18.881818181818183	0.09090909090909093	0	12.801070996560155	1	RH-11_HLA-A31:01_RASGTPGLRAR	0.31000976183203965
RH-31	HLA-B07:02	RRPRRPLSTLP	RRPRRRLSSGP	0.2112237303	17	0.99921263826806	69.7942428589	0.66667981815402	1.04907123949787	170.282114358	24.8821949983724	3.89410568693628	RRPRRRLSSGP	11	RPRRPLSTL	0	1	1	0	0	0.228	0.112	14.349	70.0	0.001566	0.01588960903198829	RPLSTR	H	-1.5181818181818183	-1.3833333333333335	0.5	0.0	0.3333333333333333	0.0	0.8950757769226837	1348.6001	0.0	158.90909090909088	0.18181818181818185	0	12.97714555542916	1	RH-31_HLA-B07:02_RRPRRPLSTLP	0.2839451406263761
mUC-3529	HLA-A02:05	HQLQVYNHL	HQLQVYNHS	49.872536	17	0.99902014563002	37.1228981018	0.00761977109418369	5.862436676120678	220.656272802015	18.385740492346105	33.6822244995291	HQLQVYNHS	9	HQLQVYNHL	0	0	0	0	0	0.229	1.59	9.185	4.0	0.12399	0.024931954273271637	QVYNH	H	-0.7111111111111109	-1.46	0.4	0.4	0.2	0.0	0.9796686253329282	1151.2743	0.1111111111111111	28.355555555555558	0.4444444444444444	1490	7.706063800491393	1	mUC-3529_HLA-A02:05_HQLQVYNHL	0.42441536212282865
RH-31	HLA-A26:01	SYSFHSPSHY	SYSFHSPSPY	1.3435148484472	13	0.998551038217317	6.830511093099999	5.8955949976690195e-05	1.04907123949787	155.98610323280002	24.8821949983724	3.89410568693628	SYSFHSPSPY	10	SSFHSPSHY	0	1	1	0	0	0.977	2.04	1.5930000000000002	21.0	0.006243	0.613308223477715	HSPSHY	H	-1.1	-1.8166666666666669	0.5	0.5	0.3333333333333333	0.0	0.9502627939405046	1211.2385	0.30000000000000004	116.14	0.30000000000000004	2980	7.698086080141365	1	RH-31_HLA-A26:01_SYSFHSPSHY	0.2570419415272349
MM-40	HLA-B08:01	SPVQKLDL	TPVQKLDL	3.306256304	25	0.998251397412922	7.2576212883	0.0	17.9907723478181	3510.009949618	404.490488288442	22.357995647754503	TPVQKLDL	8	SPVQKL-DL	0	0	0	6	1	0.338	2.027	0.414	7.0	0.011217	0.8164251207729468	QKL-D	H	-0.1875	-1.5180000000000002	0.2	0.0	0.2	0.2	0.9898398609851228	899.0429000000001	0.0	77.1375	0.375	0	6.337367167230696	1	MM-40_HLA-B08:01_SPVQKLDL	0.42799263653464126
mUC-40	HLA-C04:01	VFMRPFHEV	VFMRPFNEV	0.23422002	2	0.9997016941179472	7.6396255493	0.5	1.6633226917409198	306.42310384	8.53325832565799	15.55839805119	VFMRPFNEV	9	VFMRPFHEV	0	0	0	0	0	0.816	0.758	1.15	1.7	0.068569	0.7095652173913044	RPFHE	H	0.3444444444444444	-2.0	0.2	0.4	0.4	0.2	0.9509949846336394	1161.3751	0.2222222222222222	43.31111111111112	0.4444444444444444	0	7.5513127176091075	1	mUC-40_HLA-C04:01_VFMRPFHEV	0.314843335693365
mUC-9517	HLA-B38:01	IRIPTGQLTI	IRIPTGQLTM	2.6351138672	4	0.999260236472058	3.3924655914	0.999941047525418	0.865589469111104	197.93960987	2.5453734475532497	12.9318758282007	IRIPTGQLTM	10	IRIPGQLTI	0	4	1	0	0	0.8240000000000001	0.963	0.732	0.5	0.025341	1.1256830601092898	PGQLTT	H	0.5900000000000001	-0.5166666666666667	0.6666666666666666	0.0	0.0	0.0	0.9894140324061128	1111.3349	0.0	-2.37	0.4	0	10.550002220086752	1	mUC-9517_HLA-B38:01_IRIPTGQLTI	0.2111590849302444
MM-34	HLA-B07:02	TPIRTETL	TPSRTETL	0.407381149543	11	0.993685665751934	0.9050195217	0.0	10.8553244223907	988.336830103	1892.02204756275	12.2610818929652	TPSRTETL	8	TPI-RTETL	0	0	0	3	1	0.271	0.917	0.271	0.5	0.003694	1.0	-RTET	H	-0.425	-1.978	0.4	0.0	0.2	0.2	0.9553939972652182	930.0571	0.0	32.825	0.25	0	6.410149741452187	1	MM-34_HLA-B07:02_TPIRTETL	0.342256782001796
MM-24	HLA-B40:01	VEDKDAVTF	VEDKDAVAF	0.13111441699999998	11	0.0161983227904812	0.3684585094	0.0	0.123913703036904	177.04069804	0.7095523758454041	2.6622499271077	VEDKDAVAF	9	VEDKDAVTF	0	0	0	0	0	0.159	0.46	0.188	0.6	0.101159	0.8457446808510638	KDAVT	H	-0.2333333333333332	-0.4200000000000001	0.8	0.0	0.2	0.2	0.9784799517676231	1023.0939999999999	0.1111111111111111	25.13333333333334	0.3333333333333333	0	3.8760120566003033	1	MM-24_HLA-B40:01_VEDKDAVTF	0.2998449267301662
mUC-1994	HLA-A03:01	LLLAAVVSH	QLLAAVVSM	14.973201442	46	0.9927000665598692	21.3656463623	0.0	4.68087072546163	415.20497004658796	26.614547778986395	38.741238282330606	QLLAAVVSM	9	LLLAAVVSH	0	0	0	0	0	1.601	2.622	7.372999999999998	4.0	0.042381	0.21714363217143634	AAVVS	H	2.1555555555555554	2.24	1.0	0.0	0.0	0.0	0.9676332636056556	922.1225000000003	0.0	8.888888888888891	0.5555555555555556	0	7.550323993898928	1	mUC-1994_HLA-A03:01_LLLAAVVSH	0.5903866894938907
MM-36	HLA-B15:01	RNNNSVSSL	RNNNSVSSR	0.8139777168000001	1	0.9958925520227352	34.5809707642	0.0	21.3484613845056	1204.8511838138002	461.1226345925089	27.507010813228693	RNNNSVSSR	9	RNNNSVSSL	0	0	0	0	0	3.858	5.645	19.393	8.5	0.025899	0.19893776104780075	NSVSS	H	-1.0444444444444447	-0.34	1.0	0.0	0.0	0.0	0.9838803110234768	990.0293	0.0	44.0	0.2222222222222222	0	10.550002220086752	1	MM-36_HLA-B15:01_RNNNSVSSL	0.4051380653095958
MM-37	HLA-A02:01	RLLEFLSIVA	RLLQFLSIVA	0.435950663223	9	0.9953917271438258	8.698097229	3.47580404973379e-09	102.36892640434799	1509.3632507196398	3772.9283482610094	36.083524166915204	RLLQFLSIVA	10	RLLEFLIVA	0	6	1	0	0	1.099	0.387	3.263	0.6	0.107981	0.3368066196751456	EFLIVS	H	1.59	1.8333333333333333	0.3333333333333333	0.16666666666666666	0.0	0.16666666666666666	0.9774955406617872	1160.4054	0.1	0.5099999999999998	0.6000000000000001	0	6.410149741452187	1	MM-37_HLA-A02:01_RLLEFLSIVA	0.6354381657543231
RH-18	HLA-A03:01	SVVLLNTVGK	SVVLTNLTGK	2.02907552151437	10	0.998912729476831	1.8801070452	0.992380228905816	0.645838319315549	133.006664797249	0.4917971322944	2.1861660614157303	SVVLTNLTGK	10	SVLLNTVGK	0	1	1	0	0	0.8420000000000001	0.61	0.493	2.5	0.058089	1.7079107505070996	LNTVGV	H	1.09	1.2666666666666666	0.8333333333333333	0.0	0.0	0.0	0.9364484050483955	1029.2309	0.0	-16.47	0.5	0	9.700002531521024	1	RH-18_HLA-A03:01_SVVLLNTVGK	0.3273850215825529
mUC-6800	HLA-A03:01	VISHMRQEK	VISHIRQEK	0.574561234	2	0.999292168374028	0.8957659602	0.0	1.66928612373416	318.343870861535	11.059421050265	13.0409377365436	VISHIRQEK	9	VISHMRQEK	0	0	0	0	0	0.545	0.6	0.247	1.1	0.021307	2.2064777327935223	HMRQE	H	-0.977777777777778	-2.56	0.0	0.2	0.4	0.2	0.9698754774414204	1127.3176999999996	0.0	43.31111111111112	0.2222222222222222	0	9.697026920504866	1	mUC-6800_HLA-A03:01_VISHMRQEK	0.2630913396436254
MM-25	HLA-A68:01	VSYKTSCGR	VSYKTPCGR	12.082284445	22	0.997931650875402	2.7754878998000003	4.5267995933512706e-07	7.80575690106683	3625.40083658195	129.69433833968202	29.0365675776856	VSYKTPCGR	9	VSYKTSCGR	0	0	0	0	0	1.083	0.892	0.948	1.1	0.014281	1.1424050632911391	KTSCG	H	-0.6333333333333333	-0.6599999999999999	0.8	0.0	0.2	0.0	0.9440597956121209	1000.1302	0.1111111111111111	45.111111111111114	0.2222222222222222	1490	9.447869836352766	1	MM-25_HLA-A68:01_VSYKTSCGR	0.3828103605350358
MM-11	HLA-C03:04	IVTGQVPAV	IATGQVPAV	1.7262130250499998	7	0.9985394483876991	1.1715544462	9.088353065881807e-07	37.1829819703805	1080.7661133669	354.860489618234	20.8045261082362	IATGQVPAV	9	IVTGQVPAV	0	0	0	0	0	1.2	1.843	0.304	0.4	0.036702	3.947368421052632	GQVPA	H	1.4111111111111108	0.10000000000000003	0.8	0.0	0.0	0.0	0.9791891245049532	883.0434	0.0	15.011111111111116	0.4444444444444444	0	6.099999998230487	1	MM-11_HLA-C03:04_IVTGQVPAV	0.41153826177294384
mUC-3529	HLA-A24:02	SYLLATDFML	SYLLATGFML	2.02606004	4	0.9990337150518028	3.5278849602	0.0	5.862436676120678	220.656272802015	18.385740492346105	33.6822244995291	SYLLATGFML	10	SYLLATFML	0	6	1	0	0	0.672	0.157	0.618	0.17	0.083622	1.0873786407766992	LATFMD	H	1.1599999999999997	1.0166666666666666	0.5	0.16666666666666666	0.0	0.16666666666666666	0.9504962481049976	1173.3776	0.2	1.46	0.5	1490	3.7499869628809392	1	mUC-3529_HLA-A24:02_SYLLATDFML	0.49977706909634473
RH-31	HLA-A26:01	RVILADIHY	RVILAHIHY	4.322327801000911	25	0.999205118963832	1.3689599037	7.12259443414324e-22	1.04907123949787	155.98610323280002	24.8821949983724	3.89410568693628	RVILAHIHY	9	RVILADIHY	0	0	0	0	0	0.943	3.282	0.725	2.5	0.068094	1.300689655172414	LADIH	H	0.7000000000000001	0.6799999999999999	0.4	0.2	0.2	0.2	0.9432774451974189	1099.2826000000002	0.1111111111111111	83.3888888888889	0.5555555555555556	1490	7.542962956242262	1	RH-31_HLA-A26:01_RVILADIHY	0.38806714171375395
MM-31	HLA-C03:04	YSFRGAGLL	YSSRGAGLL	18.1544138	9	0.9963646615311372	3.1395647526	0.0	9.291803950517911	305.798114110818	117.527795674816	24.774425832844802	YSSRGAGLL	9	YSFRGAGLL	0	0	0	0	0	0.207	0.046	0.459	9.5	0.033801	0.4509803921568628	RGAGL	H	0.5333333333333332	0.05999999999999987	0.6000000000000001	0.0	0.2	0.0	0.951878450600273	983.121	0.2222222222222222	-9.977777777777778	0.4444444444444444	1490	9.348807885311542	1	MM-31_HLA-C03:04_YSFRGAGLL	0.5482927820354684
mUC-3529	HLA-C06:02	YRSGHQLHC	YRSGRQLHC	75.8720674	3	0.998878621643822	3.3845481873	0.0	5.862436676120678	316.728049472	18.385740492346105	33.6822244995291	YRSGRQLHC	9	YRSGHQLHC	0	0	0	0	0	0.223	0.331	0.3	41.0	0.06214400000000001	0.7433333333333334	GHQLH	H	-1.1777777777777776	-1.3	0.2	0.4	0.4	0.0	0.9401359808425238	1100.2111000000002	0.1111111111111111	38.92222222222223	0.2222222222222222	1490	8.542119734920561	1	mUC-3529_HLA-C06:02_YRSGHQLHC	0.4622267810652666
mUC-2849	HLA-B27:05	GREVITKILL		2.02953348	11	0.999456140587643	9.429746091393527	0.5	5.88846861195768	2009.2861283020002	45.294222065366	56.05527346593511	GREVITKILL	10	GRVITKILL	0	2	1	0	0	0.622	0.698		9.0	0.07510900000000001		ITKILE	H	0.78	0.7833333333333332	0.16666666666666666	0.0	0.16666666666666666	0.16666666666666666	1.0	1141.4039	0.0	19.770000000000003	0.5	0	9.695027685724199	1	mUC-2849_HLA-B27:05_GREVITKILL	0.4471447609191098
mUC-3529	HLA-C06:02	SRPSVRSDL	SRPSGRSDL	19.0494759318	8	0.998938338304554	2.3799030781	0.0	5.862436676120678	316.728049472	18.385740492346105	33.6822244995291	SRPSGRSDL	9	SRPSVRSDL	0	0	0	0	0	0.166	0.18	0.378	55.0	0.093838	0.4391534391534392	SVRSD	H	-0.9444444444444444	-1.0799999999999998	0.8	0.0	0.2	0.2	0.9401547231489013	1016.1098	0.0	121.91111111111113	0.2222222222222222	0	10.397768874652684	1	mUC-3529_HLA-C06:02_SRPSVRSDL	0.42301679786530944
RH-19	HLA-B07:02	TARAGAGRAV	HCRAGAGVAV	2.54698284385925	14	0.998576806941696	10.3346195221	0.0	4.71692850204487	541.809943338	470.358557097399	9.16376703401601	HCRAGAGVAV	10	TARAGGRAV	0	5	1	0	0	2.526	1.232	5.417000000000002	0.9	0.006645999999999999	0.466309765552889	AGGRAA	H	0.09000000000000004	0.01666666666666668	0.8333333333333333	0.0	0.16666666666666666	0.0	0.9182492473837748	929.0358	0.0	0.5099999999999998	0.1	0	12.500109306536615	1	RH-19_HLA-B07:02_TARAGAGRAV	0.2520320342325241
mUC-2278	HLA-C02:02	KSRETANLV	KSRETADLV	15.182264892000001	4	0.997247211297805	22.144651413000002	0.0	4.87850617471541	104.141320954002	8.4409788271414	32.6214958298243	KSRETADLV	9	KSRETANLV	0	0	0	0	0	2.535	2.4730000000000003	5.032	9.5	0.023469	0.5037758346581876	ETANL	H	-0.7888888888888885	-0.4200000000000001	0.6000000000000001	0.0	0.0	0.2	0.9714068975674499	1017.1375999999997	0.0	30.288888888888888	0.2222222222222222	0	9.695027685724199	1	mUC-2278_HLA-C02:02_KSRETANLV	0.236438752713364
MM-26	HLA-A01:01	QIDVSQFGSY	QIDVSQFGSF	6.07664286	20	0.9991494329865028	5.4368805885	0.0	13.418405830558	1054.85016628378	14878.543399741298	10.861440488777301	QIDVSQFGSF	10	QIDVSQFSY	0	7	1	0	0	0.122	0.156	2.236	0.5	0.154488	0.05456171735241503	VSQFSG	H	-0.23	0.25	0.6666666666666666	0.16666666666666666	0.0	0.0	0.9894227377194464	1143.2026	0.2	20.72	0.4	1490	3.7499869628809392	1	MM-26_HLA-A01:01_QIDVSQFGSY	0.6290482768793335
RH-11	HLA-A02:01	ILIQGNDVKI	ILIQGNDLKI	1.55281975814872	11	0.9993780005799928	2.5266013145	0.0	4.6585791131343	484.779925777622	82.37020262239459	2.24865471920802	ILIQGNDLKI	10	ILIQGNVKI	0	6	1	0	0	1.382	3.78	1.595	1.0	0.025393	0.8664576802507836	QGNVKD	H	0.6700000000000002	-1.7666666666666666	0.6666666666666666	0.0	0.16666666666666666	0.16666666666666666	0.9795099003992356	1112.3195	0.0	8.400000000000004	0.5	0	6.337367167230696	1	RH-11_HLA-A02:01_ILIQGNDVKI	0.288685516694192
mUC-5037	HLA-B38:01	YQVRKIITV	YQVRHDITV	91.19654655	14	0.999727843211654	3.3746902943	0.0	6.120634762936831	544.575089361	7.159915561050348	15.5552077631621	YQVRHDITV	9	YQVRKIITV	0	0	0	0	0	0.58	0.8320000000000001	0.6759999999999999	0.25	0.055203	0.8579881656804734	RKIIT	H	0.3888888888888889	-0.020000000000000063	0.2	0.0	0.4	0.0	0.899396347156917	1119.3568000000002	0.1111111111111111	-8.922222222222224	0.5555555555555556	1490	10.454924617893994	1	mUC-5037_HLA-B38:01_YQVRKIITV	0.41787963366644504
MM-03	HLA-A11:01	AQDNMNVFK	AQDNMDVFK	3.73831531427	20	0.998810068911462	3.7848639488	0.00011789799878610901	0.558316793330324	447.77840485800004	11.669028419595099	1.24218603963641	AQDNMDVFK	9	AQDNMNVFK	0	0	0	0	0	0.369	0.399	0.961	0.8	0.113248	0.3839750260145682	NMNVF	H	-0.7999999999999999	0.3800000000000001	0.6000000000000001	0.2	0.0	0.0	0.9631239390205384	1066.1880999999996	0.1111111111111111	13.588888888888894	0.2222222222222222	0	6.337367167230696	1	MM-03_HLA-A11:01_AQDNMNVFK	0.34685347534409566
mUC-5037	HLA-B38:01	NHVPGHLWVL	NKVPCHLVVL	4.135628253	12	0.9997283076295892	22.7468643188	1.20812138761297e-17	6.120634762936831	544.575089361	7.159915561050348	15.5552077631621	NKVPCHLVVL	10	NHVPGHLVL	0	7	1	0	0	0.028	0.011	3.3960000000000004	0.3	0.146554	0.00824499411071849	PGHLVW	H	0.31999999999999995	0.31666666666666665	0.5	0.3333333333333333	0.16666666666666666	0.0	0.8307404479757792	1171.3501	0.1	43.45	0.5	5500	7.714356231503189	1	mUC-5037_HLA-B38:01_NHVPGHLWVL	0.5337705204571921
mUC-8728	HLA-B44:03	REEPGQLSPG	GEEPGQLSPG	7.32663257432	0	0.994831075220495	22.745670318600002	0.0	4.84333106118941	550.4538907000001	10.4368804290089	31.6790925169804	GEEPGQLSPG	10	REEPGQLSG	0	8	1	0	0	7.7029999999999985	6.61	7.591	33.0	0.004068	1.0147543143195892	PGQLSP	H	-1.6	-0.6833333333333332	0.6666666666666666	0.0	0.0	0.0	0.9768164063243236	1069.1261000000004	0.0	104.8	0.1	0	4.2581474925391385	1	mUC-8728_HLA-B44:03_REEPGQLSPG	0.3241124946957273
mUC-40	HLA-B18:01	QDLPTVQVF	QDLPRVQVF	4.10368434	18	0.9996983484388928	0.8793731331999999	0.0	1.6633226917409198	241.60578394080002	8.53325832565799	15.55839805119	QDLPRVQVF	9	QDLPTVQVF	0	0	0	0	0	0.284	1.432	0.402	3.5	0.101143	0.7064676616915422	PTVQV	H	0.24444444444444435	0.5200000000000001	0.8	0.0	0.0	0.0	0.9492101379508848	1046.1736	0.1111111111111111	43.31111111111112	0.4444444444444444	0	3.749987360555679	1	mUC-40_HLA-B18:01_QDLPTVQVF	0.26370390592473647
RH-33	HLA-A24:02	DFQKYEEGF	DFRKYEEGF	0.24026158733245895	2	0.644995098032053	6.3141374588	0.0	16.557923420186	430.812175174785	1109.87776696285	14.7270658152246	DFRKYEEGF	9	DFQKYEEGF	0	0	0	0	0	1.163	2.863	1.856	17.0	0.047535	0.6266163793103449	KYEEG	H	-1.5555555555555551	-2.52	0.2	0.2	0.2	0.4	0.9671004435091184	1162.2043	0.3333333333333333	28.355555555555558	0.3333333333333333	1490	3.9275502986274664	1	RH-33_HLA-A24:02_DFQKYEEGF	0.4730211415485498
RH-25	HLA-B27:05	VREQMRLEL	VREQVRLEL	9.55627948	4	0.998555788208452	0.8823011518	0.0	0.597418698541011	275.881326412737	53.4397606225785	6.47486307332904	VREQVRLEL	9	VREQMRLEL	0	0	0	0	0	0.626	1.6269999999999998	0.359	5.0	0.048517000000000005	1.7437325905292482	QMRLE	H	-0.6444444444444446	-1.16	0.0	0.0	0.2	0.2	0.9697506970235152	1173.3861000000004	0.0	21.91111111111111	0.3333333333333333	0	6.533466308377683	1	RH-25_HLA-B27:05_VREQMRLEL	0.2779496983409878
mUC-5122	HLA-A32:01	LMHKAMQKW	LMHEAMQKW	27.4194753151	17	0.994232380067437	0.2411719859	0.0	0.449560347409541	123.757779748019	8.7955968877234	8.454706776380759	LMHEAMQKW	9	LMHKAMQKW	0	0	0	0	0	0.069	0.245	0.07	0.4	0.062046	0.9857142857142857	KAMQK	H	-0.6666666666666669	-1.52	0.2	0.0	0.4	0.0	0.967082993190386	1172.4658000000004	0.1111111111111111	90.46666666666668	0.2222222222222222	5500	10.805422029457986	1	mUC-5122_HLA-A32:01_LMHKAMQKW	0.3132780308911599
mUC-5037	HLA-A26:01	DTCMVVGFF	DTCMAVGFF	36.3877174	8	0.9997285378391032	3.6941273212	0.0	6.120634762936831	415.472073025981	7.159915561050348	15.5552077631621	DTCMAVGFF	9	DTCMVVGFF	0	0	0	0	0	0.381	0.092	0.488	0.25	0.08748500000000001	0.7807377049180328	MVVGF	H	1.5333333333333334	2.54	0.6000000000000001	0.2	0.0	0.0	0.96438517442878	1018.2064	0.2222222222222222	18.977777777777774	0.4444444444444444	0	3.7499714535661037	1	mUC-5037_HLA-A26:01_DTCMVVGFF	0.5131925803175327
MM-15	HLA-C07:01	NYFFQVPVL	NYFSQVPVL	0.3466567072	7	0.731107656789833	1.1850258112	0.0	0.24022365578768495	638.024968843	0.6515933835737551	2.07745257518262	NYFSQVPVL	9	NYFFQVPVL	0	0	0	0	0	0.284	0.191	0.09	49.0	0.07186100000000001	3.1555555555555554	FQVPV	H	0.8777777777777778	1.22	0.6000000000000001	0.2	0.0	0.0	0.9431025519656774	1126.3027	0.3333333333333333	43.31111111111112	0.6666666666666667	1490	6.093198032584041	1	MM-15_HLA-C07:01_NYFFQVPVL	0.5362864538296999
MM-45	HLA-A24:02	NQYMQRMASV	NEYMQRMASV	0.0287693136	0	0.960930784181828	21.2848777771	0.0	24.8375872423687	1343.79641594821	1232.40802504456	35.6209879818539	NEYMQRMASV	10	NYMQRMASV	0	1	1	0	0	6.2620000000000005	2.518	6.2639999999999985	18.0	0.00088	0.9996807151979568	QRMASQ	H	-0.73	-1.4333333333333331	0.3333333333333333	0.0	0.16666666666666666	0.0	0.9825262175928712	1227.4134	0.1	42.66	0.2	1490	9.348807885311542	1	MM-45_HLA-A24:02_NQYMQRMASV	0.3923723421130522
mUC-2389	HLA-A24:02	EYDKFKLYL	EYEKFKLYL	23.6424577327	6	0.99962758776128	0.4015465081	0.0	8.34152149445408	853.118290864966	60.1335680652484	48.8555202033187	EYEKFKLYL	9	EYDKFKLYL	0	0	0	0	0	0.237	1.775	0.348	1.4	0.186776	0.6810344827586207	KFKLY	H	-0.7777777777777782	-0.5	0.0	0.4	0.4	0.0	0.9721116397876628	1218.3967	0.3333333333333333	-0.3666666666666688	0.5555555555555556	2980	6.479656049516053	1	mUC-2389_HLA-A24:02_EYDKFKLYL	0.5329434912276685
MM-03	HLA-A11:01	HTFPLEFYK	HTFPLESYK	3.08466147677	23	0.9987274271087092	0.1445539147	2.6688189211265498e-11	0.558316793330324	447.77840485800004	11.669028419595099	1.24218603963641	HTFPLESYK	9	HTFPLEFYK	0	0	0	0	0	0.006999999999999999	0.006999999999999999	0.011	0.3	0.241385	0.6363636363636362	PLEFY	H	-0.5333333333333334	0.039999999999999904	0.2	0.4	0.0	0.2	0.9470386872559882	1181.3384	0.3333333333333333	71.84555555555556	0.4444444444444444	1490	7.5418101428076625	1	MM-03_HLA-A11:01_HTFPLEFYK	0.5655245010737954
mUC-1249	HLA-A68:01	ELNKIPTMR	ELNKIPTVR	2.2602258	14	0.998286486657465	0.31680777670000004	0.0	2.75762405983014	516.05916206796	7.4264250676445185	26.864370920139297	ELNKIPTVR	9	ELNKIPTMR	0	0	0	0	0	0.146	0.436	0.215	0.8	0.217041	0.6790697674418604	KIPTM	H	-0.8333333333333334	0.04	0.4	0.0	0.2	0.0	0.9779630093643013	1101.3202	0.0	14.188888888888886	0.2222222222222222	0	9.695027685724199	1	mUC-1249_HLA-A68:01_ELNKIPTMR	0.4103799208319045
RH-08	HLA-A11:01	SASFGTVYKGK	SGSFGTVYKGK	3.823297206	9	0.998600739281451	1.2297418118	0.0	3.1519479559799395	393.77079479400004	66.79978148126371	15.444143124725802	SGSFGTVYKGK	11	SASFGTVYK	0	8	2	0	0	0.411	0.253	1.671	3.0	0.02576	0.2459605026929982	FGTVYKG	H	-0.30909090909090897	0.04285714285714294	0.5714285714285714	0.2857142857142857	0.14285714285714285	0.0	0.9781237571952393	1144.2768999999996	0.18181818181818185	-20.918181818181818	0.2727272727272727	1490	10.247607923112811	1	RH-08_HLA-A11:01_SASFGTVYKGK	0.37115879404844987
mUC-6428	HLA-C02:02	EVFDFWDTM	EVFDFGDTM	3.89609900167	2	0.995143561063098	5.1473641396	0.0	2.01377659054497	51.228888360657905	4.06966324932343	26.441433654082196	EVFDFGDTM	9	EVFDFWDTM	0	0	0	0	0	1.5659999999999998	1.558	1.194	7.5	0.039415	1.3115577889447236	DFWDT	H	-0.04444444444444443	-1.16	0.6000000000000001	0.4	0.0	0.4	0.9110931293191112	1189.2925	0.3333333333333333	-2.4777777777777765	0.4444444444444444	5500	3.3800301984883845	1	mUC-6428_HLA-C02:02_EVFDFWDTM	0.32584804224950825
MM-43	HLA-C04:01	YFPQKFPLTF	YFPQKFPLTS	0.121942995527	11	0.999358898518742	47.6684951782	0.9999999982620992	3.59608706846894	228.19661954400001	183.573691042196	11.6502862652952	YFPQKFPLTS	10	YFPQKPLTF	0	5	1	0	0	0.41	0.306	10.424	6.5	0.049045	0.039332310053722175	QKPLTF	H	-0.040000000000000126	-0.5166666666666667	0.3333333333333333	0.16666666666666666	0.16666666666666666	0.0	0.9778976646067484	1287.5033	0.4	79.12	0.5	1490	9.29830065090209	1	MM-43_HLA-C04:01_YFPQKFPLTF	0.42232682483077727
mUC-6428	HLA-C02:02	YEQLEQLMQL	EEKLKQLMQL	149.621902895	0	0.9952827018137108	45.2608947754	3.47580404973379e-09	2.01377659054497	51.228888360657905	4.06966324932343	26.441433654082196	EEKLKQLMQL	10	YQLEQLMQL	0	1	1	0	0	2.3280000000000003	2.8760000000000003	36.0	17.0	0.001148	0.06466666666666668	EQLMQE	H	-0.55	-1.3833333333333335	0.0	0.0	0.0	0.3333333333333333	0.9347606465517324	1294.4729	0.1	32.440000000000005	0.4	1490	3.613691097591072	1	mUC-6428_HLA-C02:02_YEQLEQLMQL	0.2680342397884701
RH-17	HLA-B15:01	KKKPSEIISF	KKKVTNIISF	0.73058314	7	0.998712181907196	4.7395009995	0.0	0.611442226767316	88.1103365864	24.029240047733694	3.24350661062786	KKKVTNIISF	10	KKKPEIISF	0	4	1	0	0	1.499	6.457999999999998	3.569	1.4	0.045133	0.4200056038105913	PEIISS	H	-0.6600000000000003	0.3833333333333335	0.5	0.0	0.0	0.16666666666666666	0.8984138440934109	1176.4050000000002	0.1	59.24000000000001	0.30000000000000004	0	10.506918999366464	1	RH-17_HLA-B15:01_KKKPSEIISF	0.21921706962861665
MM-22	HLA-B44:02	VEVPERTVAQW	AEVPERTVAQW	0.1686177538	6	0.680960066609688	0.0743474364	0.6666667169674201	1.0	329.45508952	1.36524565814736	12.098722772323	AEVPERTVAQW	11	VEVPERTQW	0	7	2	0	0	0.06	0.243	0.005	0.4	0.04891	12.0	PERTQVA	H	-0.3454545454545454	-1.114285714285714	0.5714285714285714	0.0	0.14285714285714285	0.14285714285714285	0.9890976540149636	1313.4581000000005	0.09090909090909093	42.4	0.3636363636363637	5500	4.2581474925391385	1	MM-22_HLA-B44:02_VEVPERTVAQW	0.4206141160543522
RH-17	HLA-B15:01	KIHNEEKPY	KIHNGEKPY	0.655288712560799	3	0.9918987252200308	0.9530371428	0.0	0.611442226767316	88.1103365864	24.029240047733694	3.24350661062786	KIHNGEKPY	9	KIHNEEKPY	0	0	0	0	0	0.25	1.202	0.16899999999999998	0.6	0.048538	1.4792899408284026	NEEKP	H	-2.2111111111111112	-3.2	0.4	0.0	0.2	0.4	0.9373401587866059	1157.2758	0.1111111111111111	67.32222222222222	0.2222222222222222	1490	7.541277428157628	1	RH-17_HLA-B15:01_KIHNEEKPY	0.25319849089191054
MM-02	HLA-A03:01	AMLFQAPAAR	AMLFPAPAAR	4.50058647062	8	0.99826328954777	0.9636125565	1.5734275536184001e-15	7.516092086388731	291.127203193262	4567.42242915382	6.24823570715528	AMLFPAPAAR	10	ALFQAPAAR	0	1	1	0	0	0.902	0.973	0.377	2.5	0.011642	2.3925729442970822	QAPAAM	H	0.6100000000000003	0.3666666666666667	0.6666666666666666	0.0	0.0	0.0	0.9405570927420192	1075.2844	0.1	47.52	0.2	0	10.550002220086752	1	MM-02_HLA-A03:01_AMLFQAPAAR	0.30444356118233473
mUC-7729	HLA-B13:02	GQSLLTKNL	GQSLLTKNS	11.833767	6	0.99652165228979	24.6811943054	0.0	2.93093847732542	31.899758284	13.9697874654588	21.652148632613503	GQSLLTKNS	9	GQSLLTKNL	0	0	0	0	0	0.145	1.033	7.411	24.0	0.060042	0.01956551072729726	LLTKN	H	-0.1555555555555557	-0.10000000000000007	0.4	0.0	0.2	0.0	0.9829079312004132	973.1246999999997	0.0	57.71111111111111	0.3333333333333333	0	9.700002531521024	1	mUC-7729_HLA-B13:02_GQSLLTKNL	0.2931375151479557
RH-11	HLA-A31:01	QAIYKFQSR	PAIYKFQSR	1.68018464	16	0.9993771498560742	2.9391255379000003	0.999941047525418	4.6585791131343	484.779925777622	82.37020262239459	2.24865471920802	PAIYKFQSR	9	QAIYKFQSR	0	0	0	0	0	0.34	0.956	2.197	1.6	0.146246	0.15475648611743287	YKFQS	H	-0.9333333333333332	-1.34	0.2	0.4	0.2	0.0	0.9763162174664388	1140.2915	0.2222222222222222	79.1111111111111	0.3333333333333333	1490	10.454924617893994	1	RH-11_HLA-A31:01_QAIYKFQSR	0.3857036930503917
MM-35	HLA-A11:01	IFVKDVPNK	IFVKDVPNN	33.5929857641	38	0.996472621822951	41.9041023254	0.0	2.7797390975276297	784.851506972269	17.928336891688602	11.956514277591	IFVKDVPNN	9	IFVKDVPNK	0	0	0	0	0	3.302	4.077	58.333	11.0	0.011782	0.056606037748787134	KDVPN	H	-0.07777777777777765	-1.66	0.8	0.0	0.2	0.2	0.9823403919996488	1059.2585	0.1111111111111111	53.40000000000001	0.4444444444444444	0	9.537297862581909	1	MM-35_HLA-A11:01_IFVKDVPNK	0.31125176628637924
RH-11	HLA-A31:01	TMNEYIKQR	TMNEYIEQR	0.600364351779836	9	0.999353393936202	1.3769928216999998	0.0	4.6585791131343	484.779925777622	82.37020262239459	2.24865471920802	TMNEYIEQR	9	TMNEYIKQR	0	0	0	0	0	0.083	0.43	0.156	0.7	0.199386	0.532051282051282	EYIKQ	H	-1.6111111111111112	-1.5399999999999998	0.0	0.2	0.2	0.2	0.9713545489706992	1182.3498000000004	0.1111111111111111	25.722222222222218	0.2222222222222222	1490	9.297359791584313	1	RH-11_HLA-A31:01_TMNEYIKQR	0.40799462755263727
RH-19	HLA-A24:02	FYAFFYLRL	FYAFFYLRL	1.3673157809999998	0	0.9985526152206452	0.7756898403	0.0	4.71692850204487	287.50501079224097	470.358557097399	9.16376703401601	FYAFFYLRL	9	FYAFFYLRL	0	0	0	0	0	0.312	0.364	0.312	0.12	0.257464	1.0	FFYLR	H	1.1888888888888889	0.72	0.0	0.6000000000000001	0.2	0.0	1.0	1239.4619000000002	0.5555555555555556	129.04666666666668	0.7777777777777778	2980	9.171628129668532	1	RH-19_HLA-A24:02_FYAFFYLRL	0.6341313959716638
RH-31	HLA-B38:01	AMQDINAAI	AMQDINAAM	0.33165860596	2	0.998374902422998	12.4056110382	0.0	1.04907123949787	170.282114358	24.8821949983724	3.89410568693628	AMQDINAAM	9	AMQDINAAI	0	0	0	0	0	3.787	2.874	2.772	17.0	0.028613	1.366161616161616	DINAA	H	0.6444444444444445	0.22000000000000006	0.8	0.0	0.0	0.2	0.9894322292525664	946.0794	0.0	21.91111111111111	0.2222222222222222	0	3.749987360555679	1	RH-31_HLA-B38:01_AMQDINAAI	0.2972390241455209
RH-31	HLA-B38:01	YAWLPISTI	YAWLPIGTI	0.104945147814239	7	0.9991634055624492	20.2626361847	0.0	1.04907123949787	170.282114358	24.8821949983724	3.89410568693628	YAWLPIGTI	9	YAWLPISTI	0	0	0	0	0	4.052	2.719	7.77	5.5	0.040587	0.5214929214929215	LPIST	H	1.0333333333333334	1.0399999999999998	0.6000000000000001	0.0	0.0	0.0	0.9612945377055926	1063.2455000000002	0.2222222222222222	70.31111111111112	0.5555555555555556	6990	6.093198032584041	1	RH-31_HLA-B38:01_YAWLPISTI	0.4035190683190623
RH-21	HLA-A02:01	GLTLLRFRV	ALTLLRFRV	0.6958902393173348	0	0.996216602311822	5.2210321426	0.0	0.187475299487998	112.035768920345	1.4443327446895098	1.27881272217132	ALTLLRFRV	9	GLTLLRFRV	0	0	0	0	0	1.202	1.111	1.045	2.5	0.028872	1.1502392344497607	LLRFR	H	0.9222222222222224	0.2799999999999999	0.0	0.2	0.4	0.0	0.987388749192023	1074.3195000000003	0.1111111111111111	30.288888888888888	0.5555555555555556	0	12.500109306536615	1	RH-21_HLA-A02:01_GLTLLRFRV	0.3070543688063821
MM-17	HLA-A01:01	GTEPIIVDLF	GTEPIIVDPF	0.6501689820000001	12	0.991928820380869	4.4262652397	0.0	2.2302411397326805	429.27036821980005	105.33911842319901	3.97299680270677	GTEPIIVDPF	10	GTEPIVDLF	0	4	1	0	0	1.092	1.37	3.2030000000000003	1.0	0.064622	0.34093037777083984	PIVDLI	H	1.0100000000000002	1.9833333333333327	0.5	0.0	0.0	0.16666666666666666	0.9584219234867406	1103.2647000000004	0.1	15.51	0.5	0	3.5500735570676625	1	MM-17_HLA-A01:01_GTEPIIVDLF	0.5343019943997875
MM-22	HLA-B08:01	FPAKKRTLEL	FPAKKRALEL	0.298069798	8	0.654393892805874	0.3616062403	0.0	1.0	329.45508952	1.36524565814736	12.098722772323	FPAKKRALEL	10	FPKKRTLEL	0	2	1	0	0	0.028	0.015	0.042	0.06	0.083183	0.6666666666666665	KRTLEA	H	-0.59	-1.1666666666666667	0.3333333333333333	0.0	0.3333333333333333	0.16666666666666666	0.969555200086202	1202.4456	0.1	80.12	0.30000000000000004	0	10.789009301923217	1	MM-22_HLA-B08:01_FPAKKRTLEL	0.39082947263729956
mUC-8728	HLA-B44:03	MEQEEDWVR	MEQEEDWDR	0.72014998106	0	0.99500143773135	27.646490096999997	0.0	4.84333106118941	550.4538907000001	10.4368804290089	31.6790925169804	MEQEEDWDR	9	MEQEEDWVR	0	0	0	0	0	3.2880000000000003	4.868	6.712999999999999	5.5	0.00948	0.489795918367347	EEDWV	H	-1.8666666666666667	-1.44	0.4	0.2	0.0	0.6000000000000001	0.9560249187860642	1221.2965000000004	0.1111111111111111	99.87777777777781	0.2222222222222222	5500	3.778239184524864	1	mUC-8728_HLA-B44:03_MEQEEDWVR	0.3424791165190782
mUC-6229	HLA-C04:01	IFMDRGMIV		20.9467176538	8	0.998631701256841	9.429746091393527	0.0	5.314337875968019	297.332458863	14.984312843081401	30.309867498336	IFMDRGMIV	9	IFMDRGMIV	0	0	0	0	0	1.495	0.489		0.6	0.093241		DRGMI	H	1.2666666666666666	-0.4	0.4	0.0	0.2	0.2	1.0	1081.3517	0.1111111111111111	-18.355555555555558	0.4444444444444444	0	6.338718596380204	1	mUC-6229_HLA-C04:01_IFMDRGMIV	0.45844654035749804
RH-33	HLA-A02:01	SLPKIVEEF	SLPEIVEEF	0.541504846	2	0.998421825183324	0.6532122493	0.5	1.64566847268823	28.393337996515108	102.985970597414	2.03406077634298	SLPEIVEEF	9	SLPKIVEEF	0	0	0	0	0	1.162	8.626	0.373	5.5	0.039442000000000005	3.1152815013404824	KIVEE	H	0.2222222222222222	-0.43999999999999984	0.2	0.0	0.2	0.4	0.9693159028830256	1061.2281000000003	0.1111111111111111	47.64444444444445	0.4444444444444444	0	4.258147296961397	1	RH-33_HLA-A02:01_SLPKIVEEF	0.3107900248507611
mUC-6428	HLA-A26:01	DEVFDFWDTM	DEVFDFGDTM	3.89609900167	2	0.995143561063098	1.3140250444	0.0	2.01377659054497	131.628205823997	4.06966324932343	26.441433654082196	DEVFDFGDTM	10	DVFDFWDTM	0	1	1	0	0	0.987	0.321	0.456	25.0	0.013852	2.1644736842105257	DFWDTE	H	-0.39	-1.55	0.5	0.3333333333333333	0.0	0.5	0.9135628260920956	1304.3799	0.30000000000000004	-1.2299999999999986	0.4	5500	3.2604687339626253	1	mUC-6428_HLA-A26:01_DEVFDFWDTM	0.3301684037981663
mUC-7577	HLA-C02:02	LGFLEGTAL	LGDLLGTAL	34.265827441999996	1	0.995916327216399	13.516285896300001	0.0	8.37519904968081	417.630665192	11.710594386465699	19.513348874709	LGDLLGTAL	9	LGFLEGTAL	0	0	0	0	0	5.145	4.603	9.335	13.0	0.007381	0.5511515800749865	LEGTA	H	1.2222222222222223	0.2	0.6000000000000001	0.0	0.0	0.2	0.9134814440992212	920.0603	0.1111111111111111	-0.5444444444444447	0.4444444444444444	0	3.849983240943402	1	mUC-7577_HLA-C02:02_LGFLEGTAL	0.30241570543980245
MM-01	HLA-A02:01	LFVNSEFETI	LFVNSEFETL	4.86686772655	0	0.9826224413360692	10.2832279205	0.00761977109418369	15.7099291767571	325.81806297599996	18071.654693234	5.1785458164316385	LFVNSEFETL	10	LVNSEFETI	0	1	1	0	0	12.305	9.745	9.354	14.0	0.004473	1.315480008552491	SEFETF	H	0.6100000000000001	-0.4833333333333334	0.3333333333333333	0.3333333333333333	0.0	0.3333333333333333	0.9931282301222054	1198.3209000000004	0.2	28.26	0.5	0	3.613691325765103	1	MM-01_HLA-A02:01_LFVNSEFETI	0.4319921458972007
MM-15	HLA-B08:01	DKKVKLIVL	DKEVKLIVL	0.1564806204	10	0.6905805460066469	3.6963784695	0.0	0.24022365578768495	407.44197938300005	0.6515933835737551	2.07745257518262	DKEVKLIVL	9	DKKVKLIVL	0	0	0	0	0	0.038	0.301	0.361	1.1	0.250594	0.10526315789473684	VKLIV	H	0.5888888888888889	2.56	0.4	0.0	0.2	0.0	0.9767231636958432	1055.3544	0.0	-32.04444444444445	0.5555555555555556	0	10.50691890809685	1	MM-15_HLA-B08:01_DKKVKLIVL	0.5609735055481567
mUC-522	HLA-A24:02	TWEAESTGTW	LREAELTGTL	0.791415768	9	0.997655889724869	45.0746803284	0.00761977109418369	6.651083429234362	674.8458192140059	107.924678695149	25.122011268864497	LREAELTGTL	10	TWAESTGTW	0	2	1	0	0	0.765	1.079	20.926	4.5	0.010719	0.036557392717193916	ESTGTE	H	-1.0299999999999998	-1.6000000000000003	0.6666666666666666	0.0	0.0	0.3333333333333333	0.8782885812784473	1167.1813000000002	0.2	-18.78	0.2	11000	3.613691325765103	1	mUC-522_HLA-A24:02_TWEAESTGTW	0.3720924513009029
RH-16	HLA-A24:02	VLAGTKALW	VLAGMKALW	5.06126768	4	0.996914240288812	2.81782794	2.6688189211265498e-11	6.23798178631513	244.489668880001	479.795325064498	6.915681360323111	VLAGMKALW	9	VLAGTKALW	0	0	0	0	0	0.995	1.68	0.967	1.2	0.03077	1.0289555325749742	GTKAL	H	1.0555555555555556	0.11999999999999993	0.6000000000000001	0.0	0.2	0.0	0.9560465730268192	958.1547	0.1111111111111111	25.766666666666666	0.4444444444444444	5500	9.700002531521024	1	RH-16_HLA-A24:02_VLAGTKALW	0.3168565427820351
MM-03	HLA-B35:01	VAWGGNHSVF	VACGGNHSVF	10.2300790036	33	0.998826899952551	5.809824943500002	0.992380232328851	0.558316793330324	83.2115864227987	11.669028419595099	1.24218603963641	VACGGNHSVF	10	VAWGGNHSF	0	8	1	0	0	0.662	0.555	2.512	1.3	0.068503	0.2635350318471338	GGNHSV	H	0.3799999999999999	-0.6833333333333335	0.8333333333333333	0.16666666666666666	0.16666666666666666	0.0	0.9123857406581948	1073.1607	0.2	2.4800000000000004	0.4	5500	7.550323993898928	1	MM-03_HLA-B35:01_VAWGGNHSVF	0.29077020493506356
mUC-40	HLA-C04:01	YLNLDDTVF	YLNFDDTVF	63.4869274902	2	0.9997258601428	2.2331829071	0.0	1.6633226917409198	306.42310384	8.53325832565799	15.55839805119	YLNFDDTVF	9	YLNLDDTVF	0	0	0	0	0	0.992	0.675	1.104	11.0	0.118866	0.8985507246376809	LDDTV	H	0.2333333333333333	0.05999999999999996	0.8	0.0	0.0	0.4	0.9626916133250571	1099.1898	0.2222222222222222	-7.811111111111112	0.5555555555555556	1490	3.49188133655116	1	mUC-40_HLA-C04:01_YLNLDDTVF	0.3594130931464458
mUC-1249	HLA-C04:01	LWDEVVARV	LWDEEVARV	5.923261072509999	20	0.998175520540341	0.4423465729	0.0	2.75762405983014	104.221571073852	7.4264250676445185	26.864370920139297	LWDEEVARV	9	LWDEVVARV	0	0	0	0	0	0.024	0.029	0.027000000000000003	8.5	0.305074	0.8888888888888888	EVVAR	H	0.6444444444444445	0.4400000000000001	0.6000000000000001	0.0	0.2	0.2	0.9493214554996628	1086.2408000000003	0.1111111111111111	35.2	0.5555555555555556	5500	4.184407676104456	1	mUC-1249_HLA-C04:01_LWDEVVARV	0.515248208056632
mUC-7577	HLA-C02:02	SLNQAFAAL	SLNEAFAAL	14.59296588	2	0.995874240282216	6.3202638626	0.0	8.37519904968081	417.630665192	11.710594386465699	19.513348874709	SLNEAFAAL	9	SLNQAFAAL	0	0	0	0	0	2.371	1.4780000000000002	1.054	1.8	0.023043	2.2495256166982918	QAFAA	H	0.8888888888888888	0.94	0.6	0.2	0.0	0.0	0.9753059967546941	934.0471000000003	0.1111111111111111	0.5111111111111111	0.3333333333333333	0	6.099999998230487	1	mUC-7577_HLA-C02:02_SLNQAFAAL	0.4034081495586571
MM-34	HLA-B07:02	NPKEATEAV	NPREATEAV	0.125313227	2	0.994013992856441	0.4926480353	4.5267995933512706e-07	10.8553244223907	988.336830103	1892.02204756275	12.2610818929652	NPREATEAV	9	NPKEATEAV	0	0	0	0	0	0.284	0.606	0.098	0.4	0.100793	2.8979591836734686	EATEA	H	-0.9888888888888888	-0.8200000000000001	0.6000000000000001	0.0	0.0	0.4	0.9798579207629676	958.0241	0.0	27.08888888888889	0.1111111111111111	0	4.258147296961397	1	MM-34_HLA-B07:02_NPKEATEAV	0.4747280025515187
RH-31	HLA-A24:02	VATYSNSSQPF	VATYTNSSQPF	19.9630816798938	18	0.9990044413258108	0.6114739776	0.0	1.04907123949787	155.98610323280002	24.8821949983724	3.89410568693628	VATYTNSSQPF	11	VYSNSSQPF	0	1	2	0	0	0.381	0.514	0.49	7.0	0.003667	0.7775510204081633	NSSQPAT	H	-0.3818181818181817	-1.2999999999999996	0.857142857142857	0.0	0.0	0.0	0.9780831644845148	1200.254	0.18181818181818185	79.12727272727273	0.2727272727272727	1490	6.093198032584041	1	RH-31_HLA-A24:02_VATYSNSSQPF	0.22213862951853827
mUC-6800	HLA-A03:01	RAQPEMWGK	GAQPEMWGK	5.126661436	8	0.9991477851614308	3.4470145702	0.0	1.66928612373416	318.343870861535	11.059421050265	13.0409377365436	GAQPEMWGK	9	RAQPEMWGK	0	0	0	0	0	0.422	1.185	1.162	1.2	0.064373	0.3631669535283994	PEMWG	H	-1.6222222222222225	-0.9	0.4	0.2	0.0	0.2	0.9729736701715562	1102.2668	0.1111111111111111	28.644444444444453	0.1111111111111111	5500	9.695027685724199	1	mUC-6800_HLA-A03:01_RAQPEMWGK	0.3018133254355739
